"","Name","Sequence"
"1",">EU834878.1 Zenaida macroura cytochrome b (cytb) gene, partial cds; mitochondrial","GGTTGAATGAGCCTGAGGCGGCTTTTCAGTAGACAACCCCACCCTAACCCGATTCTTTACCCTACATTTCCTCCTTCCATTCATAATTGCAGGCCTCACCATCATTCACCTCACCTTCCTACACGAATCTGGTTCAAACAACCCACTAGGCATCTCATCCAACTGTGACAAAATCCCATTCCACCCCTACTTTTCCCTAAAAGACTCCTTAGGCTTCGTACTCATGTTCCTCCCCCTAGCAACCCTAGCTCTATTCTCCCCCAACCTTTTAGGCGACCCAGAAAATTTTACGCCCGCAAACCCATTAGTCACACCCCCTCATATTAAACCAGAATGATACTTCCTGTTCGCGTACGCTATTCTACGCTCCATCCCCAATAAACTAGGAGGAGT"
"2",">EU834879.1 Sturnus vulgaris cytochrome b (cytb) gene, partial cds; mitochondrial","CACTGGTAGAATGAGCCTGAGGAGGATTCTCAGTAGACAACCCCACACTAACCCGATTCTTCGCCTTGCACTTCCTACTGCCATTCCTCATTGTAGGGCTAACCCTAGTCCATCTAACCTTCCTACACGAAACAGGATCCAACAACCCACTAGGAATCCCCGCAGACTGCGACAAAATCCCCTTCCACCCGTACTACTCTACAAAAGACATCCTAGGATTTGCACTAATACTCATTCTACTTGTCTCCATAGCCCTATTCTCCCCAAACCTCCTAGGAGACCCAGAAAACTTTACACCAGCTAACCCCCTAGCCACACCCCCTCACATTAAACCCGAATGATATTTCCTATTCGCATACGCCATTCTTCGATCCATCCCCAACAAACTAGGAGGAGTC"
"3",">DQ054371.1 Columba livia cytochrome b (cytb) gene, partial cds; mitochondrial","CCCTAAAAGACATCCTGGGCTTCATGATAATACTCCTCCCCCTAATGACCCTAGCCCTATTCTCCCCCAACCTTCTAGGAGACCCAGAAAACTTCACGCCTGCAAACCCTCTAGTTACACCTCCCCATATCAAACCAGAATGATACTTCCTATTCGCATACGCCATCCTACGCTCCATCCCCAATAAACTAGGCGGAGTACTAGCCTTAGCCGCCTCAGTACTAATTCTATTCCTCACCCCCCTACTCCACAAGTCCAAACAACGCACAATAATCTTCCGCCCACTC"
"4",">AY987334.1 Buteo jamaicensis cytochrome b (cytb) gene, partial cds; mitochondrial","TACTAACACAAATCATGACCGGCCTCCTACTAGCAACACATTACACCGCCGACACTACCCTAGCCTTCTCGTCCGTAGCCCACACATGCCGAAACGTACAGTACGGCTGACTAATCCGTAACCTACACGCCAATGGAGCATCCTTCTTCTTCATTTGCATCTACCTACACATCGGTCGAGGACTATACTATGGCTCCTACCTATACAAAGAAACTTGAAACACAGGAATTATCCTACTACTCACCCTCATAGCAACTGCCTTCGTAGGCTACGTACTCCCATGAGGCCAAATATCCTTCTGAGGAGCTACAGTCATCACCAATCTATTCTCAGCCATCCCTTACATTGGTCAAACCATTGTAGAATGAGCCTGGGGAGGATTCTCCGTAGATAACCCTACCCTCACTCGATTCTTCGCCCTACATTTCCTACTCCCATTCCTAATCGCAGGCCTCACCTTAATCCACCTTACCTTCCTCCACGAATCCGGCTCAAACAACCCCCTAGGCATCATCTCAAACTGTGACAAAATCCCATTCCACCCCTACTTTTCCCTAAAAGATATCCTAGGCTTCATACTAATGTTACTCCCACTAACAACTTTAGCCCTATTCTCACCTAACCTGCTAGGAGACCCAGAAAACTTCACCCCAGCAAACCCCCTAACCACTCCTCCACATATCAAGCCAGAATGATATTTTCTATTCGCATACGCCATTCTACGCTCAATCCCTAACAAATTAGGAGGAGTATTAGCCTTAGCCGCCTCCGTCCTAATCCTATTCCTGATCCCCTTTCTCCACAAGTCCAAACAGCGCACAATAACCTTCCGACCCATCTCCCAACTTCTATTCTGAACCCTAGTTGCCAACCTCCTCATTCTCACATGAATCGGTAGCCAACCAGTAGAACACCCATTCATCATCATTGGCCAACTAGCCTCCCTTACCTACTTTCTCATCCTTCTAGCCCTTTTCCCCCTAACCGGAGCTCTAGAAAACAAGCTCCTAAACCACTAA"
"5",">FJ423757.1 Branta canadensis cytochrome b (cytb) gene, partial cds; mitochondrial","GGCCATCTGCTTAGCCACGCAAATCCTAACAGGTTTACTACTAGCCATACACTACACCGCAGACACCTCACTCGCCTTCGCCTCAGTAGCCCACACATGCCGAGATGTACAATACGGGTGACTCATCCGCAACCTTCACGCTAACGGCGCTTCATTCTTCTTCATCTGCATCTACCTGCACATCGGACGAGGCCTCTACTACGGCTCCTACCTATACAAAGAAACCTGAAACACAGGAGTAATCCTCCTGCTTACCCTAATAGCAACCGCCTTCGTAGGATATGTCCTGCCATGAGGACAAATATCATTCTGGGGGGCCACCGTAATCACCAACCTATTCTCAGCCATCCCATACATTGGACAAACTCTAGTAGAATGGGCCTGAGGGGGATTCTCAGTGGACAACCCAACCCTAACCCGATTCTTCGCCATCCACTTCCTACTGCCCTTCCTAATTGCAGGAATCACCCTAGTCCACCTAACCTTCCTACACGAATCAGGCTCAAACAACCCCCTAGGACTCGTATCAGACTGCGACAAAATCCCATTCCACCCATACTTCTCCCTCAAAGACATCCTAGGACTTACCCTGATAATCACCCCCCTAATAGCACTAGCCCTATTCTCACCCAACCTTCTAGGAGACCCAGAAAACTTCACCCCAGCAAACCCACTAGTAACCCCACCTCACATCAAACCAGAATGATACTTCCTGTTCGCTTACGCCATTCTACGCTCAATCCCAAACAAACTAGGAGGTGTATTGGCACTAGCCGCTTCCGTACTAATCCTATTCCTAATCCCCTTCCTGCACAAATCAAAACAACGAACAATAACATTCCGACCTCTCTCCCAGCTCCTATTCTGAATCCTAGTAGCCGACCTCCTCATCCTAACATGAGTAGGAAGCCAGCCCGTCGAACACCCATTCATCATCATCGGCCAACTTGCCTCAATCGCCTACTTCACCATCCTCCTATTCCTCTTTCCTATCGTAAGTGCCCTAGAGAACAAAATACTCAACTGCTAAATACTCTAATAG"
"6",">AY631291.1 Larus delawarensis cytochrome b (cytb) gene, partial cds; mitochondrial","TGAAACTTCGGATCCCTACTAGGCATTTGCCTACTAACACAAATCCTAACAGGACTCCTGCTAGCTATACATTACACCGCAGACACAACCCTAGCCTTCTCATCCGTCGCCCACACATGTCGAAACGTACAATATGGCTGACTAATCCGAAACCTCCACGCAAACGGAGCATCATTCTTCTTTATTTGTATTTACCTACACATCGGACGAGGATTCTACTATGGCTCATACCTCTATAAAGAAACCTGAAATACAGGAGTTATTCTCCTCTTAACCCTAATAGCAACTGCCTTCGTAGGATATGTCTTGCCATGAGGACAAATATCCTTCTGAGGTGCTACAGTCATCACCAACCTATTCTCAGCAATCCCATACATCGGCCAAACCCTCGTAGAATGAGCCTGAGGTGGCTTCTCAGTGGACAACCCAACACTAACCCGATTCTTCGCCCTCCATTTCCTACTTCCATTCATAATCGCAGGTCTTACCTTCATCCACCTAACCTTCCTTCACGAATCAGGGTCAAACAATCCACTGGGTATTCAATCAAACTGTGACAAGATCCCATTCCACCCCTACTTCTCGCTCAAAGACATCCTAGGATTCATTATCATATTCTTACCACTAACAACATTAGCTCTATTCTCACCCAACCTGCTAGGTGATCCAGAAAACTTTACTCCAGCAAACCCACTCGTTACACCCCCACACATCAAACCCGAATGATACTTCCTATTCGCATACGCTATATTACGCTCAATCCCCAACAAACTAGGGGGCGTATTAGCCCTTGCAGCATCCGTACTAGTACTATTCTTAAGCCCCCTGCTCCACAAATCTAAGCAACGTACAATAACCTTCCGTCCCCTTTCACAACTCCTATTCTGAATCCTAGTTACTAACCTCTTCATCCTAACATGAGTAGGCAGTCAACCCGTAGAACACCCCTTTATCATCATTGGACAACTAGCTTCCTTAACCTACTTCACCATCCTACTACTCCTATTCCCTGCCATCGGAGCCCTAGAAAACAAAATACTTAACTGCTAA"
"7",">EU167029.1 Tyto alba cytochrome b (cytb) gene, partial cds; mitochondrial","TCTTTACTGGGCATTTGCCTGACTCTCCAAATCCTGACAGGCCTCCTACTAGCCGCCCACTACACAGCCGACACAGCCCTTGCCTTTTCATCCGTAGCCCATATATGCCGAGACATCCAACATGGCTGACTAATCCGAAACCTCCACGCCAACGGAGCATCATTTTTTTTCATCTGCATCTACTTACACATCGGACGAGGGCTCTACTATGGCTCATACCTACACAAAGAAACCTGAAATACAGGCGTACTGCTCCTACTCGCCCTAATAGCAACAGCCTTCGTAGGCTATGTCCTGCCGTGAGGCCAAATATCGTTCTGGGGGGCAACAGTCATTACCAACCTGTTTTCAGCCTTACCGTATGTGGGCCAAACCATTGTAGAATGGGCCTGAGGTGGATTTTCAGTAAACAACCCCACCCTSACCCGATTTTTTGCCCTCCACTTTCTCCTGCCCTTCGTAATTTCAGGACTCGGACTCATACACCTGACCTTCCTACATGAATCTGGATCCAACAACCCACTAGGAATTACATCAAATTGTGACAAAATCCCATTTCACCCATACTTCTCCACAAAAGACATCCTCGGAGTCACACTCATACTACTCCCTCTAACCACCCTAGCCCTGCTCTCACCCAATCTCCTAGGCGACCCCGACAACTTCACACCAGCAAACCCACTCACCACCCCACCCCACATCAAACCAGAGTGATATTTCCTATTTGCATACGCTATTTTACGCTCTATCCCAAACAAACTGGGGGGGGTTTTAGCCCTCGCAGCTTCCATCCTCATCCTCCTATTAATCCCCTTCCTCCACAAATCTAAACAACGAGCAATAACATTCCGCCCCCTATCCCAAATCCTATTCTGAACCTTAACTGCAAACCTTCTCATCCTTACCTGAATCGGCAGCCAGCCGGTAGAACACCCATTTATTATCATCGGCCAAGTAGCTTCTGCCTCCTACTTCCTAACCCTCCTAATCCTTCTCCCCACCATTAGTGCAATAGAGAACAAGCTACTCAACTACTAA"
"8",">AF089064.1 Sturnella neglecta cytochrome b (cytb) gene, partial cds; mitochondrial","TGCTTAATTACCCAAATCATCACAGGTCTACTGCTAGCCATACACTACACAGCAGACACCAACCTAGCTTTCTCCTCCGTCGCCCACATATGCCGAGACGTACAATTCGGCTGACTCATTCGCAACCTCCATGCAAACGGAGCCTCCTTCTTTTTCATCTGCATCTACCTACACATCGGTCGAGGCCTCTACTACGGCTCATACCTGTACAAAGAAACTTGAAACATCGGAATTATCCTACTCCTAGCCCTAATAGCAACCGCTTTCGTCGGATACGTCCTCCCATGAGGACAAATATCATTCTGAGGGGCTACCGTAATCACAAACCTATTTTCAGCCATCCCCTATATTGGCCAAACACTAGTAGAGTGAGCCTGAGGCGNNTTCTCCGTAGACAACCCAACCCTAACACGATTCTTCGCCCTCCACTTTCTCCTCCCCTTTGTCATCGTAGGCCTCACCCTAGTCCACCTCACCTTCCTACACGAAACAGGCTCAAACAACCCACTAGGCATTCCCTCTGATTGCGACAAAATCCCCTTCCACCCATACTACACCATCAAAGACATCCTCGGATTCGTACTAATACTATCCCTGCTCGTCTCACTAGCCCTATTCTCCCCGAACCTACTAGGTGACCCAGAAAACTTTACACCAGCAAACCCACTAGTTACTCCCCCACACATTAAACCTGAATGATACTTCCTATTNNNATATGCCATCCTACGATCCATCCCAAACAAACTAGGAGGNGTATTAGCCCTAGCCGCCTCAATCCTTGTCCTATTCCTCACTCCACTTCTACACACATCCAAACTTCGATCAATGACTTTCCGCCCTCTATCNCAAATCCTATTCTGAACCCTAGTNGCCAACATCCT"
"9",">HQ122585.1 Odocoileus virginianus cytochrome b (cytb) gene, partial cds; mitochondrial","ATCATATACTTTCTTAGAAACATGAAACATTGGAGTAATTCTCCTATTCACAGTTATAGCCACAGCATTCGTAGGGTATGTCCTACCATGAGGACAGATGTCATTCTGAGGGGCAACAGTCATTACAAATCTCCTCTCAGCAATCCCATATATCGGCACAAATCTAGTCGAATGAATCTGAGGAGGCTTTTCCGTAGACAAAGCAACCCTAACCCGATTCTTCGCCTTCCACTTTATCCTCCCATTTATCATCGCAGCACTTGCTATAGTCCATTTACTCTTCCTCCACGAAACAGGATCTAACAACCCAACAGGAATTCCATCAGACGCAGACAAAATTCCATTCCACCCCTACTACACCATTAAAGATATCCTAGGAGTACTACTTCTAGTCCTCTTCCTAATGCTATTAGTACTATTCGCACCAGACCTACTCGGAGACCCAGACAATTATACCCCAGCAAATCCACTCAATACCCCTCCCCATATTAAACCTGAATGATANTTCCTGTTTGCA"
"10",">EU834877.1 Turdus migratorius cytochrome b (cytb) gene, partial cds; mitochondrial","TCGGCCAATCACTAGTAGAGTGGGCCTGAGGGGGATTTTCAGTAGACAATCCCACACTAACACGATTCTTCGCCCTCCACTTCCTCCTCCCATTCGTCATCGCAGGACTCACACTGGTCCATCTCACCTTCTTACATGAAACAGGATCAAACAACCCACTCGGAATCCCCGCAGACTGCGACAAAATCCCATTCCACCCCTACTACTCCACAAAAGATATCTTAGGATTCGCACTAATGCTCATCCTACTCGTCTCCCTAGCCCTATTCTCTCCTAATGCCCTAGGGGACCCAGAAAACTTTACACCAGCCAACCCACTAGCCACACCCCCACACATCAAACCCGAGTGATACTTCCTATTCGCATACGCTATCCTCCGATCCATTCCTAACAAACTAGGAGGAGTCC"
"11",">EU166984.1 Cathartes aura cytochrome b (cytb) gene, partial cds; mitochondrial","GGATCCCTACTAGGCATCTGCCTAGTGACCCAAATCCTAACCGGCTTACTACTAGCCATACATTATACTGCAGACACAACACTAGCCTTTTCGTCCGTCGCTCACACATGTCGAAACGTACAATATGGCTGACTAATCCGCAACCTACATGCAAACGGAGCTTCATTCTTCTTCATCTGTATTTACCTACATATCGGACGAGGACTCTACTATGGCTCATACCTGTACAAAGAAACATGAAACACAGGTGTCATCCTCCTACTCACCCTCATAGCAACTGCTTTCGTGGGCTACGTCCTACCATGAGGACAAATATCATTCTGGGGTGCCACAGTAATTACTAACCTATTCTCAGCTATCCCTTACATCGGCCAAACCCTTGTAGAATGAGCATGAGGGGGATTTTCAGTAGACAACCCCACTCTGACCCGATTCTTTGCCTTACACTTCCTCCTCCCCTTCGCAATTGCAGGCCTTACCTTAATCCACCTCACCTTCCTACACGAATCAGGTTCAAACAACCCTTTNGGCATCGTATCAAGCTGTGACAAAATCCCATTCCATCCCTACTTCACCCTAAAAGATGTNCTAGGATTCATGCTCATATTTCTCCCCCTAACAACCCTAGCCCTATTCTCACCTAATTTATTAGGAGACCCAGAAAACTTCACACCCGCAAACCCTCTAGTCACACCACCCCATATCAAGCCAGAGTGATATTTCCTGTTCGCCTATGCCATTCTCCGCTCAATCCCCAACAAACTAGGAGGAGTACTAGCCCTAGCTGCCTCCGTACTAATCCTATTCCTAATACCTTTCCTCCATAAATCTAAACAACGTACAATAACCTTTCGCCCACTCTCCCAACTCCTATTCTGAACACTAGCAGCCAACCTTCTCATCCTAACATGAGTGGGCAGCCAACCAGTAGAACATCCATTCATCATCATCGGCCAACTAGCCTCCCTCACCTACTTCACCATCCTCCTTATCCTCTTCCCCATCCTCGGAGCCCTAGAAAACAAA"
"12",">KT946976.1 Canis latrans cytochrome b (cytb) gene, partial cds; mitochondrial","TACAGATTCTAACAGGTTTATTTTTAGCTATACACTATACATCGGACACAGCCACAGCTTTTTCATCAGTCACCCACATCTGTCGAGACGTTAACTACGGCTGAATTATCCGCTACATACATGCAAATGGCGCTTCCATATTCTTTATTTGTCTGTTCATACATGTGGGACGAGGCCTATACTACGGATCCTATGTATTCATAGAAACATGAAACATTGGAATTGCACTACTATTCGCAACCATAGCCACAGC"
"13",">EU834874.1 Corvus brachyrhynchos cytochrome b (cytb) gene, partial cds; mitochondrial","TAGAATGACTATGAGGCGGGTTCTCAGTAGACAACCCAACACTAACCCGATTCTTCGCCTTCCACTTCCTCCTCCCCTTTGTAATCGCAGGACTAACACTAGTACACCTAACCTTCGTTCACGAAACAGGCTCAAATAATCCACAAGGAATCCCCTCAGACTGTGACAAAATCCCATTCCATCCTTACTACTCCATCAAAGACCTACTAGGATTCGCACTAATACTAATCCCATTCATCGCCCTAGCCCTATTCTCCCCAAACCTCCTAGGAGACCCAGAAAATTTCACGCCCGCCAACCCCCTGGCCACACCCCCACACATTAAACCTGAGTGATACTTCCTATTTGCATACGCCATTCTTCGATCCATCCCAAACAAACTAGGAGGAGTC"
"14",">MH645658.1 Bubulcus ibis cytochrome b (cytb) gene, partial cds; mitochondrial","AGTATGGCTGACTACTCCGCAACCTACACGCAAACGGAGCCTCACTCTTCTTCATCTGCATCTACCTCCACATCGGCCGCGGACTCTACTACGGCTCATACCTATTCAAAGAAACCTGAAACACAGGAGTTATCCTCCTGCTCACCCTAATAGCAACCGCCTTCGTAGGATATGTCCTCCCATGAGGACAAATATCCTTCTGAGGAGCTACAGTCATCACCAACCTATTCTCAGCTATCCCCTTCATTGGACAAACCCTAGTAGAATGAGCCTGAGGTGGGTTCTCAGTCGACAACCCTACACTCACACGTTTCTTTGCCCTCCACTTCCTTCTCCCATTCATAATCGCAGGCCTTACCCTAATCCACCTTACCTTTCTCCACGAATCAGGATCAAACAACCCCCTAGGCATTGTCTCAAACTGTGACAAAATCCCATTCCACCCCTACTTCTCCATAAAAGACATCCTAGGCTTCATACTCATACTTCTACCCCTCACAACCCTAGCCTTATTCTCCCCCAACCTCTTAGGAGACTCAGAAAACTTCACCCCAGCAAACCCCTTAGTAATCACCTCCCATATCAAACCAGAATGATACTTTCTATTCGCCTACGCTATTCTACGCTCCATCCCCAACAAACTAGGAGGAGTCTTAGCCCTAGCTGCATCAGTACTAATCCTATTCTTAATCCCCTTCCTCCATAAATCAAAACAACG"
"15",">AY987232.1 Pandion haliaetus cytochrome b (cytb) gene, partial cds; mitochondrial","CTCCCTACTTGGCATCTGCCTAATGACACAAATCGTAACAGGACTTCTACTAGCCACACACTACACAGCAGACACAACCCTAGCCTTCTCATCCGTAGCCCACACTTGCCGAAATGTCCAGTATGGTTGACTAATCCGCAACCTACACGCAAACGGAGCATCACTATTCTTCATCTGCATCTACCTTCACATTGGCCGAGGACTTTACTACGGCTCATACCTATACAAAGAAACCTGAAACACAGGCATCATTCTACTACTCACCCTCATAGCAACAGCCTTCGTAGGCTATGTACTACCATGAGGACAAATATCCTTCTGAGGAGCTACAGTTATCACCAACCTATTTTCAGCAGTCCCGTACATCGGCCAAACCATCGTAGAATGAGCCTGAGGAGGTTTCTCAGTAGATAACCCGACACTAACCCGATTTTTCGCCCTCCACTTCCTCCTCCCCTTTCTAATCATAGGCCTAACCCTAATTCATCTTACATTCCTCCACGAATCAGGCTCAAACAATCCCCTAGGCATCGTATCAAACTGCGATAAAATTCCATTCCACCCCTACTTCTCCCTAAAAGACATCCTAGGATTTACACTAGTACTAATTCCACTAATAACCCTATCCATGTTCTCACCCAACCTGTTAGGAGATCCAGAAAATTTCACCCCAGCAAACCCCCTAATCACACCACCCCACATCAAACCAGAATGATACTTTCTATTCGCATATGCAATCTTACGCTCAATCCCAAACAAGCTAGGCGGAGTACTAGCCCTAGCTGCCTCTGTATTAATCCTCTTCATAATACCTCTTCTCCATAAATCTAAACAACGCACTATAGCCTACCGTCCCCTCTCCCAACTCCTATTCTGAACCCTAATCGCCAACCTCATAATCCTAACATGAGTAGGTAGCCAACCAGTAGAACACCCATTCATCGTTATTGGCCAATTAGCCTCCCTAACCTACTTCACCACCCTCCTAATCCTACTCCCACTAGCTGGAGCCTTAGAGAACAAAATACTAAATCACTAA"
"16",">KT946975.1 Mephitis mephitis cytochrome b (cytb) gene, partial cds; mitochondrial","ATGAAAAACCATCGTTGTTATTCAACTACAGAAACCTTAATGACCAACATTCGAAAGACGCACCCACTAGCAAAAATCATCAACGACTCATTTATTGATTTACCTACTCCAGCCAATATTTCAACATGATGAAACTTCGGTTCCCTGCTCGGAATTTGCTTGATTCTACAGATTACAACAGGTTTATTCCTAGCCATACACTACACATCAGATACAACTACAGCCTTTTCCTCAGTCACTCATATTTGTCGAGATGTAAATTACGGCTGAATCATCCGATATCTACATGCTAATGGAGCCTCCATATTTTTTATCTGCCTATATCTACATGTAGGACGAGGATTGTACTACGGTTCTTATACATTCTTAGAAACCTGAAACATTGGCATCCTCCTACTTTTTATAGTAATAGCAACAGCATTCATAGGTTACGTATTACCATGAGGACAAATATCATTCTGAGGGGCTGC"
"17",">MF458379.1 Passer domesticus cytochrome b (cytb) gene, partial cds; mitochondrial","ATTTGCCTAATTTCACAAATTGTTACAGGCTTACTGCTAGCCATACATTACACAGCAGACACTAACCTAGCATTCTCCTCCGTCGCCCACATATGCCGAGACGTCCAATTCGGATGGCTAATTCGCAACCTACACGCCAACGGAGCCTCATTCTTCTTCATCTGCATCTACCTACACATCGGCCGAGGACTGTACTACGGCTCATACCTCAACAAAGAGACCTGAAACGTCGGAGTCATCCTACTCCTAACCCTTATAGCAACCGCCTTCGTAGGGTATGTCCTGCCATGAGGACAAATATCCTTCTGAGGAGCCACCGTTATCACAAACCTATTCTCAGCAATCCCCTACATCGGACAAACACTCGTGGAATGAGCTTGAGGGGGATTCTCAGTAGACAACCCCACACTAACCCGATTCTTCGCCCTTCACTTCCTACTTCCATTCCTCATCGTAGGGCTCACACTAGTTCACCTCACATTCCTACATGAAACAGGATCAAACAACCCCCTTGGAATCCCATCAGACTGCGACAAAATCCCATTTCACCCCTACTACACCGTAAAAGACATCCTAGGATTCGTACTAATGCTCTCCCTGCTAGTCTCCCTAGCCCTATTCTCCCCCAACCTCCTAGGAGACCCAGAAAACTTCACCCCAGCCAACCCCCTAGTAACTCCCCCACACATTAAGCCTGAATGATATTTCCTATTCGCCTACGCCATCCTACGATCCATCCCAAACAAACTAGGAGGAGTCCTGGCCCTAGCCGCCTCAATCCTAGTCCTATTCCTAACCCCGCTCCTCCACACATCAAAATTCCGATCAATGACCTTCCGCCCTCTATCCCAAATCCTATTCTGAGCACTAGTCGCTAATGTCCTAATCCTAACCTGAGTAGGCAGCCAACCAGTAGAACACCCATTCATCATCATTGGCCAACTAGCCTCACTCTCCTACTTCACAATCATCCTAATCCTATTCCCCCTTGCAGCAGCCCTAGAAAACAAGCTGCTCAAACTCTAA"
"18",">EF565887.1 Fulica americana cytochrome b (cytb) gene, partial cds; mitochondrial","CCCCTCAGACTGATATTTGTCCTCATGGGAGGACATAGCCTACGAAAGCAGTGGCTATGAGAGTGAGTAGTAGAATGACTCCTGTGTTTCAGGTTTCTTTGTATAGGTAGGATCCGTAGTAAAAGCCTCGGCCGATGTGTAGGTAGATGCAGATGAAGAAAAATGAAGCTCCGTTGGCGTGTAGGTTCCGTAGTAGTCAGCCGTATTGAACGTTGCGGCATGTGTGGGCAACGGATGAAAAGGCTAGAGTCGTGTCTGCAGTATAGTGTATGGCTAGGAGTAGGCCGGTGAGGATTTGTGTGATTAAACATATGCCTAGTAGGGAACCGAAGTTTCATCATGCTGAGGTGTTGGATGG"
"19",">AY987316.1 Haliaeetus leucocephalus cytochrome b (cytb) gene, partial cds; mitochondrial","TCTGCCTACTAACACAAATCCTGACCGGCCTCCTACTAGCAACACACTACACCGCAGATACCTCCCTAGCCTTTTCATCCGTAGCCCATACATGTCGAAACGTACAGTATGGCTGACTAATCCGCAACCTACATGCCAACGGAGCATCTTTCTTCTTCATCTGCATCTACCTACACATTGGCCGAGGGCTATATTATGGCTCATACCTATATAAAGAAACTTGAAACACAGGAATCATTCTATTACTCACCCTCATGGCAACTGCCTTCGTAGGCTACGTACTTCCATGAGGCCAGATATCCTTCTGAGGAGCCACAGTCATCACCAATTTATTCTCAGCCATCCCATACATCGGACAAACCATCGTAGAATGAGCCTGAGGGGGATTTTCCGTAGACAACCCCACCCTCACTCGATTCTTTGCCCTACACTTCCTACTCCCATTTCTAATCGCAGGCTTCACCCTAATCCACCTTACCTTCCTCCACGAATCCGGTTCAAACAACCCCCTAGGTATCATCTCAAACTGTGACAAAATTCCATTCCACCCATACTTCTCCCTAAAAGATATCCTAGGATTTACACTAATGCTACTCCCACTAATAACCTTAGCCCTATTCTCACCTAACCTGTTAGGAGACCCGGAAAACTTCACCCCAGCAAACCCCCTAGCCACACCACCCCATATCAAACCGGAATGATACTTCCTATTCGCATACGCCATCCTACGCTCAATCCCAAACAAACTAGGAGGAGTACTAGCCCTAGCTGCCTCCGTACTAATTCTATTCCTAGTCCCCTTTCTTCACAAGTCCAAACAACGAACCATAACCTTTCGACCCTTCTCCCAACTACTATTCTGAACCCTAATCGCTAATCTCCTCATTCTCACGTGAATCGGAAGCCAACCAGTAGAACACCCATTCATTATCATTGGCCAAGTAGCCTCCCTTACCTACTTCCTCATCCTTCTAGCCCTCTTCCCCCTAACTGGAGCCCTAGAAAACAAACTTCTCAACCACTAA"
"20",">MH645652.1 Streptopelia chinensis cytochrome b (cytb) gene, partial cds; mitochondrial","AATACGGCTGACTAATCCGAAACCTCCACGCAAACGGAGCCTCATTTTTCTTCATCTGCATCTACCTACACATCGGACGAGGACTTTACTACGGCTCCTACCTATACAAAGAAACCTGAAACACAGGAGTCATTCTGCTGCTAACCCTCATAGCCACGGCCTTCGTAGGATACGTCCTACCCTGAGGTCAAATATCATTCTGAGGTGCCACAGTCATTACCAACCTATTCTCAGCCGTCCCCTACATCGGCCAAACCCTCGTCGAATGGGCCTGAGGTGGATTCTCAGTAGACAACCCCACATTAACACGATTCTTCACCCTTCACTTCCTCCTCCCCTTCCTAATCGCAGGCCTCACCATCATCCACCTCACCTTCCTACACGAATCAGGATCAAATAATCCACTAGGTATCTCCTCCAACTGCGATAAAATCCCATTCCACCCCTACTTCTCCCTTAAAGACATCCTCGGCTTCATACTAATATTCCTCCCCCTAATAACCCTAGCCCTATTCTCCCCCAACCTACTAGGAGACCCAGAAAATTTCACGCCCGCAAACCCACTAGTCACACCACCCCATATCAAGCCAGAATGATACTTTTTATTCGCATACGCCATCCTCCGCTCCATCCCCAATAAACTAGGCGGAGTATTGGCATTAGCTGCCTCAGTACTAATCCTATTTCTAACTCCCCTTCTCCACAAATCCAAGCAACG"
"21",">EU834869.1 Bombycilla cedrorum cytochrome b (cytb) gene, partial cds; mitochondrial","CATTAGTAGAATGAGCCTGAGGTGGATTCTCAGTAGACAACCCAACATTAACCCGATTCTTTGCCCTCCACTTCCTCCTACCATTTTTCATCGCAGGCCTCACACTAGTCCACCTAACATTCCTCCATGAAACAGGATCAAACAACCCACAAGGTATCCCTTCGGACTGTGACAAAATCCCATTCCACCCATACTACTCTATTAAAGACATCTTAGGATTTGCATTAATAATCATCCTTCTAGTCACTCTAGCCCTATTCTCCCCTAACCTACTAGGAGACCCAGAAAACTTTACACCAGCTAACCCACTAGCCACACCCCCACACATCAAACCAGAATGATATTTCCTATTCGCATACGCCATCCTACGATCAATCCCAAACAAACTAGGAGGAGT"
"22",">EF565888.1 Athene cunicularia cytochrome b (cytb) gene, partial cds; mitochondrial","CCCCTCAGACGATATTTGTCCTCATGGGAGGACGTAGCCCACGAAGGCGGTGGCTATTAGGGTCAAGAGAAGTAGGACACCTGTGTTTCAGGTTTCTTTGTAGAGGTATGAGCCGTAGTATAGGCCTCGTCCGATGTGGAGGTAGATGCAGATAAAGAATATGGATGCCCCGTTTGCATGGAGGTTGCGGATGAGTCAGCCGTATTGGACGTCTCGGCATGTGTGTGAGACAGCTGTGAAGGCCAGGGAGGAGTCGGCTGTGTAGTGGGTGGCTAGTAAGAGGCCAGTAATGATCTGGGTTGTCAAGCAGATGCCTAGCAGGGATCCGAAGTTTCATCATGCTGAGATGTTGGATGG"
"23",">AY987266.1 Aegypius monachus cytochrome b (cytb) gene, partial cds; mitochondrial","GGATCTGCCTACTAACACAAATCCTAACCGGCCTCCTACTAGCAATACACTATACCGCAGACACATCCCTAGCCTTTTCATCCGTCGCCCATACATGCCGAAACGTACAATACGGGTGGCTAATCCGCAACCTGCACGCCAACGGAGCATCCTTCTTCTTCATTTGCATTTACCTGCATATTGGCCGAGGCCTCTACTACGGCTCATATCTATATAAAGAGACCTGAAACACAGGAATCGTCCTTCTGCTCACCCTCATAGCAACTGCCTTCGTAGGCTATGTCCTACCATGAGGGCAAATATCCTTCTGAGGGGCTACAGTCATCACCAACCTATTCTCAGCTATCCCGTACATCGGACAAACCCTTGTAGAATGGACCTGAGGGGGCTTCTCCGTAGACAACCCCACCCTCACCCGGTTCTTCGCACTACACTTCTTACTTCCATTCGTAATCGCAGGCCTCACCTTAATCCACCTTACCTTCCTCCACGAATCCGGCTCAAACAACCCCCTAGGCATTATCTCAAACTGTGACAAAATCCCATTTCACCCATACTTCTCCTTCAAGGATATTCTAGGATTTATACTAATACTACTTCCATTAACAACCCTAGCCCTATTCTCCCCAAACCTATTAGGAGACCCAGAAAACTTCACTCCCGCAAACCCACTAGTCACACCCCCACATATCAAACCAGAGTGGTACTTCCTATTTGCCTACGCCATTCTACGCTCAATTCCAAATAAACTAGGAGGAGTCCTAGCCCTAGCCGCCTCCGTACTAATCCTACTCCTAATCCCCTTTCTCCACAAATCCAAACAGCGCACAATAACCTTCCGACCCCTCTCCCAACTCTTATACTGAACCCTAATCGCCAACCTCCTTATCCTCACATGAATCGGCAGCCAACCAGTAGAACACCCCTTCATCATCATCGGTCAACTAGCCTCTATCACCTACTTCACCATCCTTCTAGTCCTCTTCCCCTTAACTGGGGCCCTAGAAAATAAAATGCTAAACCACTAA"
"24",">EU834873.1 Catharus ustulatus cytochrome b (cytb) gene, partial cds; mitochondrial","TAGTTGAATGAGCCTGAGGCGGGTTCTCAGTTGACAATCCCACACTAACACGATTCTTCGCCCTCCACTTCCTCCTCCCATTCGTCATCGCAGGCCTAACACTAGTTCACCTCACCTTCCTACACGAAACAGGATCAAACAACCCATTAGGAATCCCTGCAGACTGCGATAAAATTCCCTTCCACCCATACTACTCCACAAAAGACATCCTAGGATTTGCACTAATACTTATCCTCCTCACCTCCATAGCCCTATTCTCCCCCAACATACTAGGAGACCCAGAAAACTTCACCCCGGCCAATCCCCTAGCCACACCCCCACACATCAAACCCGAATGATACTTCCTATTCGCATATGCCATCCTACGATCCATCCCAAACAAACTAGGAGGAGTC"
"25",">KC439256.1 Anas acuta cytochrome b (cytb) gene, partial cds; mitochondrial","GGACAGACCCTCGTAGAGTGGGCCTGAGGGGGATTCTCGGTGGACAACCCAACCCTAACCCGATTCTTCGCCATTCACTTCCTCCTACCCTTTTTAATTGCAGGAATCACCTTAGTCCACTTAACCTTCCTACATGAATCAGGCTCAAACAACCCCCTGGGCCTCGTGTCAGACTGCGACAAAATCCCATTCCACCCATACTTCTCCTTTAAAGACATCCTAGGATTCATCCTCATGCTTACCCCCCTAATAGCACTAGCCCTATTCTCACCAAACCTTCTAGGGGACCCAGAAAACTTCACCCCCGCAAACCCGCTGGTCACCCCACCACACATTAAACCAGAGTGATACTTCCTATTTGCCTACGCCATCCTACGATCAATCCCTAACAAACTAGGAGG"
"26",">AY505491.1 Marmota monax cytochrome b (cytb) gene, partial cds; mitochondrial","CGAGACGTAGATTACGGCTGACTTATCCGCTATATACATGCTAACGGCGCATCAATATTTTTTATCTGCCTCTTTCTTCATGTAGGCCGAGGAATATACTATGGCTCATACACCTACTTTGAAACATGAAACATTGGAGTTATTCTCCTATTTACAGTAATAGCTACAGCTTTTATAGGCTATGTACTCCCCTGAGGCCAAATATCATTCTGAGGAGCAACCGTAATTACCAATCTTTTATCTGCTATTCCATACATTGGTACAACTTTAGTTGAATGAATCTGAGGCGGATTCTCAGTAGATAAAGCCACTCTAACACGGTTCTTTGCATTCCACTTCATCCTTCCCCTTATCATCGCAGCTCTAGTCATAGTCCATCTCCTTTTTCTTCATGAAACCGGATCAAACAACCCCTCAGGTCTTATCTATGACTCAGACAAAATCCCCTTTCACCCATACTATACCATCAAGGACATCCTTGGAGTTCTTCTTCTTATTTTAATTCTAATAATTCTAGTCTTATTTTCACCTGACCTTCTAGGAGATCCTGATAATTATACACCTGCAAACCCCTTAAGTACACCACCCCATATTAAACCAGAGTGATACTTCTTATTTGCCTACGCTATCCTACGATCTATCCCCAACAAACTAGGAGGA"
"27",">KC969164.1 Calidris minutilla cytochrome b (cytb) gene, partial cds; mitochondrial","TTCGGATCACTCCTAGGCATCTGCCTAGGAACACAAATCCTAACTGGCCTCCTACTTGCCATACACTATACCGCAGACACAACCCTAGCCTTCTCATCCGTCGCCCATACATGCCGAAACGTACAATATGGCTGACTAATCCGCAACCTACATGCAAACGGAGCCTCATTCTTCTTTATCTGCATCTACTTCCACATTGGACGAGGCTTTTACTACGGCTCATATTTATACAAAGAGACATGAAATACAGGAGTTATCCTGCTCCTAACCCTAATAGCAACTGCTTTCGTAGGATATGTACTCCCATGAGGACAAATATCCTTCTGAGGAGCTACAGTCATCACTAACTTATTCTCAGCAATCCCCTACATTGGCCAAACCCTTGTAGAATGAGCATGAGGTGGATTTTCCGTAGACAACCCAACACTGACCCGATTCTTTGCCCTCCACTTTCTACTCCCATTCATAATCGCAGGTCTCACCTTAATCCATCTTACTTTCCTACACGAAACAGGTTCAAACAACCCACTTGGCATTGTATCAAATTGCGACAAAATCCCATTCCACCCTTACTTCTCACTCAAAGACATCCTAGGATTCATCATCATATTCCTATTCCTATTAACCCTCGCCCTATTCTCACCCAACTTACTAGGAGACCCAGAAAACTTCACCCCAGCGAACCCTCTAGTCACACCCCCTCATATCAAACCCGAATGATACTTCCTATTCGCGTACGCTATTCTACGTTCAATCCCAAATAAACTAGGAGGAGTCCTAGCCTTAGCAGCCTCAGTACTAGTTCTATTCTTAACCCCGCTTCTCCACAAATCTAAACAACGTTCAATAACCTTCCGCCCCCTATCTCAACTACTATTCTGAACCCTAGTTGCTAACCTCTTCATCTTAACCTGAGTAGGTAGCCAGCCTGTAGAACACCCATTCATCATCATTGGACAACTAGCATCACTCACCTACTTTACAATCCTTCTAATCCTATTCCCC"
"28",">FJ423758.1 Anser caerulescens cytochrome b (cytb) gene, partial cds; mitochondrial","ACNCAAATCCTAACAGGCCTGCTACTAGCCATACACTACACCGCAGATACTTCACTCGCCTTCTCCTCAGTAGCTCACACATGCCGAGACGTCCAGTACGGATGACTCATCCGCAACCTCCACGCCAACGGTGCTTCGCTCTTCTTTATCTGCATCTACTTACACATCGGACGAGGCCTCTACTACGGCTCCTACCTATACAAAGAAACCTGAAACACAGGAGTAATCCTCCTACTCACCCTAATAGCAACTGCCTTCGTGGGGTATGTCCTACCATGAGGACAAATGTCTTTCTGAGGGGCCACCGTAATCACCAACCTATTCTCAGCCATCCCGTACATTGGGCAAACTCTAGTAGAATGAGCCTGAGGAGGATTCTCAGTGGACAATCCAACCYTAACCCGATTCTTCGCCATCCACTTCCTACTGCCCTTCCTAATTGCAGGAATCACCCTAGTCCACCTAACCTTCCTACACGAATCAGGCTCAAATAACCCGCTAGGAATCGTATCAGACTGCGACAAAATCCCATTCCACCCATATTTCTCCATCAAAGACATCTTAGGGCTTACCTTAATAATCACCCCTCTAATAGCACTAGCCCTATTTTCACCKAACCTCCTGGGAGACCCAGAAAACTTCACCCCAGCAAATCCGCTAGTAACCCCACCACACATCAAGCCAGAATGATACTTCCTATTCGCCTACGCCATCCTACGTTCAATCCCAAATAAACTAGGAGGCGTATTAGCACTGGCCGCCTCCGTACTGATCCTATTCCTAATCCCATTCCTGCACAAATCAAAACAACGAGCAATAACATTCCGACCACTCTCCCAGCTCCTATTCTGAGTGCTAGTCGCCGACCTCCTCGTCCTAACATGAGTAGGAAGCCAACCCGTCGAACACCCATTCATCATCATCGGCCAACTCGCTTCAATCGCCTACTTCACTATCCTCCTATTYCTCCTCCCCGCCGCAAGCGCCCTAGAAAACAAAATACTCAAC"
"29",">KC969161.1 Calidris mauri cytochrome b (cytb) gene, partial cds; mitochondrial","TTTGGATCACTCCTAGGTATCTGTCTAGGAACACAAATCCTAACCGGTCTCTTACTCGCTATACACTACACCGCAGACACAACCCTAGCCTTCTCATCCGTGGCCCATACATGTCGAAACGTACAATACGGCTGACTAATTCGCAACCTACATGCAAACGGAGCCTCATTCTTCTTCATTTGCATCTACCTCCACATCGGACGAGGTTTTTACTACGGCTCATACCTATACAAAGAGACATGAAACACAGGAGTCATCCTACTCTTAACCCTAATAGCAACCGCTTTCGTAGGATATGTACTTCCATGAGGACAAATATCTTTCTGAGGAGCTACAGTCATCACCAATTTATTCTCAGCAATCCCATACATCGGCCAAACCTTGGTAGAATGGGCATGAGGGGGATTTTCCGTAGACAACCCAACACTAACCCGATTCTTTGCCCTCCACTTCCTACTCCCATTCATAATCGCTGGCCTTACCTTAATCCACCTTACCTTCCTACACGAAACAGGCTCAAACAATCCACTTGGCATTGTATCGGATTGCGACAAAATCCCATTCCACCCCTACTTTTCACTCAAAGATATCCTAGGATTCATCATCATATTCCTATTCCTACTAACTCTCGCCCTATTCTCACCTAATCTACTTGGAGACCCAGAAAACTTTACCCCAGCAAACCCTCTAGTTACACCTCCCCATATCAAGCCCGAATGATATTTCCTGTTCGCATATGCCATTCTACGTTCAATCCCAAACAAACTAGGAGGTGTACTAGCTTTAGCTGCCTCCGTACTAGTCCTATTCCTAACTCCACTTCTCCACAAATCCAAACAACGCTCAATAACCTTCCGTCCCCTATCCCAACTCTTATTCTGAACCCTAGTCGCCAACCTCTTCATCTTAACTTGAGTAGGTAGCCAACCCGTAGAACACCCATTCATCATCATTGGCCAACTAGCATCCCTCACCTACTTTACAATCCTCCTAATCCTATTCCCC"
"30",">HQ605081.1 Vireo olivaceus cytochrome b (cytb) gene, partial cds; mitochondrial","ATGCCGACACAAGCCCAGCATTTTCCTCTGTAGCCCACACCTGCCGAAACGTGCAATTCGGATGACTAATCCGAAACCTACACGCAAACGGAGCCTCCTTCTTCTTTATCTGCATCTACCTTCACATCGGCCGAGGACTATACTACGGCTCATACCTAAACAAAGAAACCTGAAACGTAGGAGTCATCCTCCTACTAACTCTAATAGCAACTGCTTTCGTAGGATACGTCCTTCCCTGAGGACAAATATCATTCTGAGGGGA"
"31",">EU834882.1 Procyon lotor cytochrome b (cytb) gene, partial cds; mitochondrial","TGAATTTGAGGAGGGTTTTCAGTAGACAAAGCCACCCTAACACGATTCTTCGCATTCCACTTCATTCTACCATTTATTATCACAACACTAGCAATAATTCACCTGCTGTTCCTACACGAAACAGGATCCAATAACCCTGCTGGAATTACATCAGAATCTGACAAAATTCCATTTCACCCATACTACACCATTAAAGACATTCTGGGAATCCTATTCTTTATTTTTGTACTTATAGGTTTAGTGCTATTTACGCCAGACCTACTAGGAGACCCAGACAACTACACACCCGCCAACCCCTTAAACACCCCACCTCACATTAAACCTGAGTGATATTTTCTATTCGCCTACGCAATTCTACGTTCCATCCCCAACAAACTAGGAGGAG"
"32",">HQ605078.1 Mimus polyglottos cytochrome b (cytb) gene, partial cds; mitochondrial","TGCCGACACCAGCCCAGCTTTTTCCTCAGTAGCCCACATATGCTGAAACGTCCAATTCGGATGATTAATCCGAAACCTACACGCAAACGGAGCCTCATTCTTCTTCATCTGCATCTACCTACACATCGGCCGAGGAATCTACTACGGATCTTACCTAAACAAAGAAACCTGAAACATCGGAGTAATCCTCCTACTAACCCTAATAGCAACCGCCTTCGTAGGATACGTACTGCCCTGAGGACAAATATCATTCTGAGGGGA"
"33",">EU372676.1 Colaptes auratus cytochrome b (cytb) gene, partial cds; mitochondrial","TCGGATCCCTCCTCGGYATCTGCCTACTAACTCAAATCATCACAGGCCTCCTACTTGCCACACACTACACCGCCGACACAACCCTAGCCTTCTCATCCGTCGCCCACACCTGCCGAAATGTCCAATACGGCTGACTAATCCGAAACCTCCACGCCAATGGTGCCTCATTCTTTTTCATCTGTATCTACCTCCACATTGGACGCGGATTTTACTACGGATCCTACCTGTTTAAAGAAACCTGAAACACCGGAGTCATTCTCCTCCTCACCCTCATAGNCACTGCCTTCGTAGGCTACGTTCTGCCCTGAGGACAAATATCATTCTGAGGTGCAACCGTCATTACAAACCTCTTCTCGGNCCTCCCCTACATCGGCCAAACCATTGTCGAATGAGCCTGAGGTGGTTTCTCCGTAGACAACCCCACCCTCACCCGATTCTTCGCTCTCCACTTCCTCCTCCCATTCTTAATCGCAGGCCTCACCCTAATTCACTTCACCTTCCTCCACGAATCCGGCTCAAACAACCCCCTCGGGATCGTATCTGACTGTGACAAAATCCCCTTCCACCCCTACTTCTCCGTAAAAGACATCCTAGGCTTCATATTCATACTCCTCCCCCTCACGGCCCTAGCACTATTCTCACCCAACCTCCTAGGAGACCCAGAAAACTTCACGCCCGCAAACCCCCTAGTCACTCCCCCCCACATCAAACCCGAATGGTACTTCCTATTCGCATATGCCATTCTACGCTCTATTCCTAACAAACTAGGAGGCGTCCTAGCCCTAGCCGCCTCTGTCCTAATCCTATTTCTAGCCCCTCTCCTCCACATATCCAAGCAACGCACAATGGCCTTCCGACCATTCTCCCAATTCCTGTTTTGAATACTCGTCGCGAACCTCCTCATCCTTACCTGAATCGGCAGCCAGCCAGTAGGACACCCCTTCATCATCATCGGCCAGTTAGCCTCTATCACCTACTTCTCCACAATCCTCATCCTCTTCCCACTCATCAGCACCTTAGGAAACNAACTNCTGGACCTCTAA"
"34",">AY987308.1 Accipiter cooperii cytochrome b (cytb) gene, partial cds; mitochondrial","ATCCCTACTAGGAATCTGCCTACTAACACAAATCCTAACTGGCCTACTACTGGCAACACACTACACTGCAGACACCAACCTAGCCTTCTCATCCGTAGCCCATACATGCCGGAACGTACAATATGGCTGACTAATCCGCAATCTACATGCCAACGGAGCATCCTTCTTCTTTATCTGCATCTACCTCCATATTGGCCGGGGACTATACTACGGCTCATACCTATACAAAGAAACCTGAAACACAGGTATCATTCTCCTACTAACCCTCATAGCAACTGCCTTCGTAGGCTACGTACTCCCATGAGGCCAAATATCCTTCTGAGGGGCTACAGTCATCACTAACTTATTCTCTGCTATCCCATACATTGGACAAACCATTGTAGAATGAGCCTGAGGAGGATTCTCTGTAGACAACCCTACTCTCACCCGATTTTTTGCCCTACACTTCCTCCTTCCATTCCTAATCGCAAGCCTCACTCTAATCCACCTTACCTTCCTCCACGAATCCGGCTCAAACAATCCCCTAGGCATCATCTCAAACTGCGACAAAATCCCCTTCCACCCCTACTTCTCCCTAAAAGATATCCTAGGCTTCCTACTAATACTACTCCCACTAACAACCCTAGCACTATTCTCTCCCAATCTCCTAGGAGACCCAGAAAACTTCACCCCAGCAAATCCCTTAACTACACCCCCACATATCAAGCCAGAATGATATTTCCTATTCGCATACGCTATCCTACGCTCAATCCCAAACAAACTAGGAGGAGTACTGGCCTTAGCTGCCTCTGTATTAATCCTATTCCTAATCCCCTTCCTACACAAATCCAAACAACGCACAATAACCTTCCGACCCTTCTCTCAAATCTTATTCTGAATACTAGTCACTAATCTCTTAATCCTCACATGAATCGGCAGCCAACCAGTAGAACACCCCTTTATTATTATTGGCCAACTAGCTTCTCTCACATACTTCCTCATCCTCCTAGCCCTCTTCCCATTAACTGGAGCCCTAGAGAACAAACTCCTCAACCACTAA"
"35",">MH645661.1 Ardea alba cytochrome b (cytb) gene, partial cds; mitochondrial","AGTACGGTTGACTACTCCGTAACCTACACGCTAACGGCGCTTCACTCTTCTTCATTTGCATTTACCTACACATCGGCCGTGGAATTTACTATGGCTCATACCTATTTAAAGAAACCTGAAACACAGGAGTTATCCTCCTACTTACCCTAATAGCAACCGCCTTCGTAGGGTATGTCCTTCCATGAGGACAAATATCCTTCTGAGGAGCTACAGTCATCACCAACCTATTCTCAGCCATTCCCTATATTGGACAGACCCTAGTGGAGTGAGCCTGAGGAGGATTCTCAGTAGATAACCCAACACTCACACGGTTCTTTGCCCTTCACTTCCTCCTCCCATTCGCAATCGCAGGCCTTACCCTAATTCACCTCACCTTCCTCCATGAGTCAGGATCAAATAACCCCCTAGGCATTGTATCAAACTCTGATAAAATTCCATTCCACCCCTACTTCTCCATAAAAGATATCCTAGGCTTCATTCTCATACTACTACCACTCACAACCCTAGCCTTATTCTCCCCCAACCTCTTAGGAGACCCAGAAAACTTTACCCCAGCAAACCCCTTAGTCACACCTCCCCACATCAAACCAGAATGGTACTTCCTATTTGCCTACGCTATTCTCCGATCCATCCCTAACAAACTAGGAGGCGTCCTAGCCCTAGCTGCATCAGTACTAATCCTATTTTTAATCCCCTTCCTCCATAAATCAAAGCAGGG"
"36",">EU834884.1 Sylvilagus floridanus cytochrome b (cytb) gene, partial cds; mitochondrial","TCGAATGAATCTGAGGAGGATTCTCAGTCGACAAAGCCACACTCACCCGCTTCTTCGCATTCCACTTTATTCTACCATTTATCATTGCAGCCCTAGTCATAGTCCACTTACTCTTCCTCCATGAGACCGGCTCTAACAACCCATCAGGGATCCCCTCAGACTCAGACAAAATCCCCTTCCACCCCTATTATACAATTAAGGACGCCCTAGGTTTTCTCGTCCTAATTCTTCTTCTCCTCCTCTTAGTTCTGTTCTCACCCGACTTACTTGGTGACCCAGACAACTACACCCCCGCTAACCCCCTTAACACTCCCCCTCATATCAAACCAGAATGATATTTTCTATTTGCCTACGCCATTCTACGCTCCATCCCAAACAAACTAGGAGGAGTC"
"37",">KC439278.1 Lonchura punctulata cytochrome b (cytb) gene, partial cds; mitochondrial","AACCTACTCTCAGCTATTCCCTACATCGGCCAAACACTAGTAGAATGAGCCTGAGGGGGATTCTCAGTAGACAACCCAACACTAACACGATTCTTCGCCCTCCATTTCCTACTCCCATTCGTCATCGCAGGACTCACACTAGTCCACCTCACCTTCCTACATGAAACAGGCTCAAACAACCCACTAGGAATCCCATCAGACTGTGACAAAATTCCCTTCCACCCATATTACACCACAAAAGACATCCTAGGCTTCGCACTAATATTCTCCCTACTAGCCTCACTAGCCTTATTCTCCCCCAACCTACTAGGAGATCCAGAAAACTTCACACCTGCCAACCCCCTAGTTACACCTCCCCATATTAAACCCGAATGATACTTCCTATTCGCCTACGCTATTCTACGATCAATCCCTAACAAACT"
"38",">JX236372.1 Alauda arvensis cytochrome b (cytb) gene, partial cds; mitochondrial","ATCCAACATTTCATCCTGATGAAATTTTGGATCCCTCCTCGGCATCTGCCTAATCACACAAATCGTCACAGGCCTCCTACTAGCCATGCACTACACAGCAGACACCTCCCTAGCCTTTGCCTCCGTCGCACACATTTGCCGAAATGTCCAATTTGGCTGACTAATCCGAAACCTCCACGCAAACGGGGCCTCTTTCTTCTTCATCTGCATCTACCTCCACATCGGACGAGGACTCTACTACGGCTCATACCTAAACAAAGAAACTTGAAACATTGGAGTCCTCCTCCTTCTAGCTCTCATAGCAACCGCCTTCGTAGGATATGTCCTACCCTGAGGACAAATATCATTCTGAGGCGCTACAGTAATCACAAACCTATTCTCAGCAATCCCATACATCGGCCAAACCCTGGTAGAATGAGCATGAGGCGGATTCTCAGTAGACAACCCCACCCTAACTCGATTCTTCGCCCTCCACTTCCTCCTCCCATTCTTCATCGCAGGACTCACTCTAGTCCACCTCACCTTCCTCCACGAAACAGGATCAAACAACCCCCTAGGCATCCCATCAGATTGCGACAAAATTCCATTCCACCCATACTACTCCACAAAAGACATCCTAGGATTCGCCCTCCTACTCATTCTCCTCACCACCCTCGCCCTATTCTCCCCCAACCTCCTAGGAGACCCAGAAAATTTCACACCAGCCAACCCACTAGCCACACCCCCACACATCAAACCAGAATGATACTTCCTCTTCGCATACGCCATCCTCCGATCCATCCCCAACAAACTAGGTGGCGTATTAGCCCTCGCCGCATCAGTCCTAGTCCTATTCCTCATCCCACTCCTGCACACCTCCAAACTACGCTCAATGACTTTCCGTCCCCTCTCACAAATCCTATTCTGAACACTAGTCGCCAACCTCCTAGTCCTAACCTGAGTAGGAAGCCAACCCGTCGAACACCCGTTCATCATTATCGGACAACTAGCCTCCCTCAGCTACTTCACAATCATTCTAGTCCTATTCCCCCTTGTATCTATTCTAGAAAATAAAATGCTAAACTT"
"39",">HQ122586.1 Odocoileus hemionus cytochrome b (cytb) gene, partial cds; mitochondrial","ATCATATACTTTCTTAGAAACATGAAACATTGGAGTAATTCTCCTATTCACAGTTATAGCCACAGCATTCGTAGGGTACGTCCTACCATGAGGACAGATGTCATTCTGAGGGGCAACAGTCATTACAAATCTCCTCTCAGCAATCCCATATATCGGCACAAATCTAGTCGAATGAATCTGAGGAGGCTTTTCCGTAGACAAAGCAACCCTAACCCGATTCTTCGCCTTCCACTTTATCCTTCCATTTATCATCGCAGCACTTGCTATAGTCCATTTACTCTTCCTCCACGAAACAGGATCTAACAACCCGACAGGAATTCCATCAGACGCAGACAAAATTCCATTCCACCCCTACTACACCATTAAAGATATTCTAGGAGTACTACTTCTAATCCTCTTCCTAATGCTATTAGTACTATTCGCACCAGACCTACTCGGAGACCCAGACAATTATACCCCAGCAAATCCACTCAATACCCCTCCCCATATTAAACCTGAATGATACTTCCTGTTTGCA"
"40",">MH645657.1 Nycticorax nycticorax cytochrome b (cytb) gene, partial cds; mitochondrial","AATACGGATGACTAATCCGTAACCTACACGCCAACGGTGCCTCATTCTTCTTCATCTGCATTTACTCCCACATTGGCCGCGGACTCTATTATGGATCTTACCTGTATAAAGAGACCTGAAACACAGGAGTTATCCTCCTACTCACCCTAATAGCAACTGCCTTCGTAGGATATGTCCTACCATGGGGACAGATATCCTTCTGAGGGGCTACAGTCATCACCAACCTATTCTCAGCCATCCCCTACATCGGACAAACCCTGGTAGAATGGGCCTGAGGAGGATTCTCAGTAGACAACCCCACCCTCACACGATTCTTTGCCCTACACTTCCTCCTCCCATTCGTAATCGCAGGCCTAACCATAATCCACCTAACCTTCCTACACGAGTCAGGATCAAACAACCCCCTAGGCATTATATCCAACTGCGATAAAATCCCATTCCACCCCTACTTCTCCACGAAAGACATCCTAGGCTTCGCACTCATACTCCTACCACTCACAACCCTAGCTCTATTTTCTCCAAACCTCCTAGGAGACCCAGAAAACTTCACCCCAGCAAACCCCCTAGTGACACCTCCTCACATCAAACCAGAATGATACTTCCTATTTGCCTACGCTATCCTCCGATCTATTCCAAATAAACTAGGAGGGGTACTAGCCCTAGCTGCATCAGTACTAATTCTATTCCTCATCCCCTTCCTACATAAATCAAAACAACG"
"41",">KC969166.1 Calidris pusilla cytochrome b (cytb) gene, partial cds; mitochondrial","TTTGGATCACTCCTAGGTATCTGTCTCGGAACACAAATCCTAACCGGTCTTTTACTTGCCATACACTACACCGCAGACACAACCCTGGCCTTCTCATCTGTGGCCCACACATGTCGAAACGTACAATATGGCTGACTAATTCGTAACCTACATGCAAACGGAGCCTCATTCTTCTTCATCTGCATCTACCTCCACATCGGACGAGGCTTTTATTACGGCTCATACCTATACAAGGAGACATGAAACACAGGAGTTATCCTGCTCTTAACCCTAATAGCAACCGCTTTCGTAGGATATGTACTCCCATGAGGACAAATATCTTTCTGAGGAGCTACAGTCATCACCAATTTATTCTCAGCAATCCCATACATCGGTCAAACCCTGGTAGAATGAGCATGAGGAGGATTTTCCGTAGACAACCCAACACTAACCCGATTCTTTGCCCTCCACTTCTTACTCCCATTCATAATTGCCGGCCTTACCTTAATCCACCTTACCTTCCTACACGAAACAGGCTCAAACAATCCACTTGGTATTGTATCAGATTGCGACAAAATCCCATTCCACCCCTACTTTTCACTCAAAGACATCCTAGGATTCATCATCATATTCCTATTCCTACTAACCCTCGCTCTATTCTCACCTAACCTACTTGGAGACCCAGAAAACTTTACTCCAGCAAACCCTCTAGTTACACCTCCCCATATCAAGCCCGAATGATATTTCCTGTTCGCATATGCCATCCTACGTTCAATCCCAAACAAACTAGGAGGAGTACTAGCTCTAGCAGCCTCCGTACTAGTCCTATTCCTAACTCCATTTCTCCACAAATCCAAGCAACGCTCAATAACCTTCCGCCCCCTATCCCAACTCCTATTCTGAACCTTAGTTGCCAACCTCTTCATCCTAACCTGAGTAGGTAGCCAACCTGTAGAACACCCATTCATTATCATTGGCCAATTAGCATCCCTCACCTACTTTACAATCCTCCTAATCCTATTCCCC"
"42",">HQ122602.1 Meleagris gallopavo cytochrome b (cytb) gene, partial cds; mitochondrial","TTCGTACCTATATAAAGAAACCTGAAATACAGGAGTAGTCTTACTTCTCACCCTCATAGCAACAGCCTTTGTAGGCTATGTCCTCCCATGGGGACAAATATCATTCTGAGGGGCTACCGTCATCACAAACCTATTCTCAGCAATCCCCTACATTGGTCAAACCCTAGTAGAATGGGCCTGAGGGGGATTCTCAGTAGACAACCCAACCCTCACCCGATTCTTCGCCCTCCACTTCCTCCTCCCCTTCATAATCGCAGGAATTACAATCATCCACCTCATATTTCTGCACGAATCAGGCTCAAACAATCCTCTTGGCATCTCATCAAACGCTGACAAAATCCCATTCCACCCCTACTACTCTATCAAAGACATCCTAGGTCTAACAATCATACTAACCCCCTTACTCACATTAACCCTATTCTCACCTAACCTCTTAGGAGACCCAGAAAACTTTACCCCAGCAAATCCACTAGTAACCCCCCCACACATTAAACCAGAGTGATACTTTCTATTTGCC"
"43",">AY942891.1 Sphyrapicus varius cytochrome b (cytb) gene, partial cds; mitochondrial","TGCTTGTTAACACAAATCATTACAGGCCTACTACTTGCCACCCACTACACTGNAGACACCACCCTAGCCTNCTCGTCTGTCGCCCACACATGCCGNANCGTCCAATACGGATGACTCATCCGAAACCTCCACGCCAACGGAGCCTCATTCTTTTTCATCTGTNTCTACCTACACATCGGCCGGGGATTCTACTACGGATCCTACCTATTTAAAGAGACTTGAAATACTGGAGTTATTCTTCTTCTAACCCTTATAGCAACTGCCTTCGNCGGCTACGTTCTCCCATGAGGACAAATATCCTTCTGAGGNGNNANCGTCATCACAAACCTATTCTCAGCCTTCCCTTACATTGGCCAAACCATTGTTGAATGAGCCTGAGGGGGATTTTCCGTAGACAACCCTACACTCACCCGATTTTTTGNTCTACACTTCCTTCTCCCATTCATAATTGCTGGACTCACCCTAATTCACTTCACCTTCCTCCACGAATCAGGCTCTAACAACCCCCTTGGAATCGTATCCGATTGCGACAAAATCCCATTCCACCCATACTTCTCTGTAAAAGACATCCTAGGATTTATACTTATACTACTCCCCCTTACAGCCCTAGCACTATTCTCGCCCAACCTCTTAGGTGACCCAGAAAACTTCACACCTGCAAATCCCCGTGTCACACCCCCANATATCANGCCTGAATGATACTTTCTATNCGTATACGCTATCCTACGCTCTATCCCCAATAAANTGGGAGGAGTCCTAGCTCTAGCCGCCTCCGTCCTAATCCTATTCCTAGCCCCCCTCCTCCACGTATCTAAACAACGCACAATAGCCTTCCGGCCCCTCTCACAACTCCTGTTCTGAGCCTTAGTTNCCAACCTCCTCATCCTTACCTGAGNTGGCAGCCAACCAGNAGGACACCCCTTCATCATTATTGGTCAACTAGCCTCCATTACCTACTTCCTCACAATCCTATTCCTCTTCCCCCTTACTAGCGCTCTAGGAAACAAACTACTAAATTTCTA"
"44",">AF089022.1 Dolichonyx oryzivorus cytochrome b (cytb) gene, partial cds; mitochondrial","TGCTTAATTACACAAATCATTACAGGTCTCCTGCTTGCCATACACTATACAGCAGACACCAACCTAGCTTTCTCCTCTGTAGCCCACATATGCCGAGACGTCCAATTTGGCTGACTCATCCGCAACCTCCACGCAAACGGAGCCTCCTTCTTCTTCATCTGCATTTACTTACACATCGGCCGAGGCCTTTACTACGGCTCATACCTCTACAAAGAAACCTGAAACATCGGAGTCATCCTCCTTTTAACCCTCATAGCAACCGCCTTCGTCGGATACGTCCTTCCATGAGGCCAAATATCATTCTGAGGCGCTACCGTAATCACAAACCTATTCTCTGCCATCCCCTATATTGGACAGACACTAGTAGAATGGGCGTGAGGAGGCTTCTCCGTAGACAACCCCACACTAACCCGATTCTTCGCCCTACACTTCCTCCTCCCCTTTGTCATTGTAGGACTCACCCTAGTCCACCTTACCTTCCTACACGAAACAGGCTCAAACAATCCACTAGGAATNCCCTCAGACTGCGATAAAATCCCCTTCCACCCCTACTACACAATCAAAGACATCCTAGGATTCGTACTAATACTCTCCCTACTCGTATCCCTAGCCCTATTCTCCCCCAACCTCCTAGGCGACCCAGAAAACTTCACCCCAGCCAACCCACTAGTCACCCCTCCTCACATTAAACCCGAATGATACTTCCTATTCNNATACGCTATCTTACGATCCATCCCAAACAAACTTGGAGGRGTACTAGCCCTCGCCGCTTCCATCCTAGTCCTCTTCCTAACCCCACTACTACACACATCCAAACTACGATCAATAACCTTCCGCCCTCTATCTCAAATTCTATTTTGAACCCTAGTTGCCAACGTCCTCATCCTCAC"
"45",">KC969162.1 Calidris melanotos cytochrome b (cytb) gene, partial cds; mitochondrial","TTTGGATCACTCCTAGGTATCTGCCTCGGAACACAAATCCTAACTGGCCTTCTACTCGCCATGCACTACACCGCAGACACAACCCTAGCCTTTTCATCCGTTGCCCATACATGCCGAAACGTACAGTACGGTTGACTAATCCGTAATATACATGCAAACGGAGCCTCATTCTTCTTCATTTGCATTTACCTCCACATCGGACGAGGTTTTTACTACGGCTCATACCTATACAAAGAAACATGAAACACAGGAGTCATCCTGCTCCTAACCTTAATAGCAACCGCTTTCGTAGGATATGTACTCCCATGAGGACAAATATCCTTCTGAGGCGCTACAGTCATCACTAATCTATTCTCAGCAATCCCATACATCGGCCAAACCTTGGTAGAATGAGCATGAGGTGGCTTCTCCGTAGACAACCCAACACTAACCCGATTTTTCGCCCTCCACTTCCTACTCCCATTCATAATCGCAGGCCTTACCTTAATCCACCTCACTTTCCTACACGAAACCGGCTCAAACAACCCACTTGGTATCGTATCAAACTGCGACAAAATCCCATTCCATCCCTACTTCTCACTCAAAGACATCCTAGGATTCGTCATCATATTCTTATTCCTACTAACTCTCGCCCTATTCTCACCTAACCTATTAGGAGATCCAGAAAACTTCACCCCAGCAAACCCCCTAGTTACACCTCCCCACATCAAGCCCGAATGATATTTCCTATTCGCATACGCCATTCTACGTTCTATCCCAAACAAACTAGGAGGAGTACTAGCCCTAGCAGCCTCCGTACTAGTCCTATTTCTAACTCCACTTCTCCACAAATCCAAACAACGTTCAATAACCTTCCGCCCCCTATCCCAACTCCTATTCTGAACCCTAGTTGCCAACCTCTTTATCCTAACCTGAGTAGGCAGCCAACCTGTAGAACACCCATTCATCATCATTGGACAACTAGCATCCCTCACCTACTTCACAATCCTCCTAATCCTATTCCCC"
"46",">KC969155.1 Calidris bairdii cytochrome b (cytb) gene, partial cds; mitochondrial","TTCGGATCACTCCTAGGCATCTGTCTCGGGACACAAATCCTAACTGGCCTCCTACTCGCCATACACTACACCGCAGATACAACCCTAGCCTTCTCATCCGTCGCCCACACATGCCGAAACGTACAATATGGTTGACTAATCCGCAACCTACATGCAAATGGAGCCTCGTTTTTCTTCATCTGCATCTACCTCCACATCGGACGAGGTTTTTATTATGGTTCATACCTATACAAAGAGACATGAAACACAGGAGTCATCCTACTCCTAACTCTAATAGCAACCGCTTTCGTAGGATACGTACTCCCATGAGGACAAATATCTTTCTGAGGAGCTACAGTCATCACTAATCTATTCTCGGCAATCCCATACATCGGCCAAACCCTGGTAGAATGAGCATGAGGTGGATTCTCCGTAGACAACCCAACACTAACTCGATTCTTCGCCCTTCACTTCCTACTTCCATTTATAATCGCAGGCCTCACCTTAATCCACCTCACCTTCCTACACGAAACAGGCTCAAATAACCCGCTCGGTATTGTATCAAACTGCGACAAAATCCCATTCCACCCTTACTTCTCACTCAAAGACATCCTAGGATTCATCATCATATTCCTATTCTTACTAACCCTTGCCCTATTCTCACCCAACCTGCTAGGTGACCCAGAAAACTTCACCCCAGCAAACCCTCTAGTTACACCTCCCCATATCAAACCCGAATGATACTTCTTATTCGCATACGCCATTCTACGTTCAATTCCAAACAAACTAGGAGGAGTACTAGCCCTAGCGGCCTCTGTACTAGTCCTATTCTTAACCCCCCTCCTTCACAAATCTAAACAACGTTCAATAACCTTCCGTCCCCTATCCCAACTTCTATTCTGAACCCTAGTCGCCAATCTCTTCATCTTAACCTGAGTAGGTAGCCAACCTGTAGAACACCCATTCATCATCATTGGACAACTAGCATCCCTCGCCTACTTTACAATCCTCCTAATCCTATTCCCC"
"47",">EF565892.1 Buteo regalis cytochrome b (cytb) gene, partial cds; mitochondrial","CCCCTCAGAGTGATATTTGTCCTCATGGGAGTACGTAGCCTACGAAGGCAGTTGCTATGAGGGTGAGTAGTAGGATAATCCCTGTGTTTCAAGTTTCTTTGTATAGGTAGGAGCCATAGTATAGTCCTCGACCGATGTGTAGGTAGATGCAAATGAAGAAGAAGGATGCTCCATTGGCATGTAAGTTACGGATCAGTCAGCCGTACTGTACGTTTCGGCATGTGTGGGCTACGGATGAGAAGGCTAGAGTAGTGTCGGCGGTGTAATGTGTTGCTAGTAGGAGGCCGGTCAGGATTTGTGTTAGTAAGCAGATTCCTAGGAGGGATCCGAAATTTCATCATGCTGAGATGTTGGATGG"
"48",">AY752400.1 Sialia currucoides cytochrome b (cytb) gene, partial cds; mitochondrial","GTAACCGGCCTATTACTTGCCACCCATTACACAGCAGACACCTCCCTAGCCTTCAATTCAGTAGCTCACATATGCCGAAACGTCCAATTCGGTTGACTAATCCGAAACCTTCATGCAAACGGAGCCTCATTCTTCTTCATCTGCATCTACCTTCACATCGGACGAGGATTTTACTATGGTTCCTACCTAAACAAAGAAACCTGAAACATTGGAGTCATCCTCCTACTAACCCTAATAGCAACCGCTTTTGTAGGCTACGTCCTACCCTGAGGACAAATATCGTTCTGAGGGGCAACAGTGATTACCAACCTATTCTCAGCTATCCCCTATATTGGCCAAACACTTGTAGAATGAGCCTGAGGTGGATTCTCAGTAGATAACCCCACATTAACACGATTTTTCGCCCTCCACTTCCTCCTTCCATTCGTCATCGCAGGGCTCACGCTAGTCCACTTAACCTTCCTGCACGAAACAGGCTCAAACAACCCACTAGGCATCCCTGCAGACTGCGACAAAATCCCATTCCACCCATACTACTCCGTAAAAGACATTCTAGGCTTCGCACTAATACTCATCCCACTAATCTCCCTAGCCCTTTTCTCCCCAAACCTCCTGGGAGACCCAGAAAACTTCACCCCCGCCAACCCCCTAGCCACACCCCCGCACATCAAACCAGAGTGATACTTCCTATTCGCATATGCCATCCTACGTTCCATCCCCAACAAACTAGGCGGAGTCCTAGCCCTAGCCGCCTCCGTCCTAGTCCTATTCCTTCTTCCCCTCCTACACACATCAAAACTACGCTCAATAACATTCCGACCTATCTCACAAATCCTGTTCTGAACTCTAGTCGCCAACCTTCTAATCCTAACCTGAGTAGGAAGCCAACCAGTTGAACACCCATTTATTATCATTGGCCAACTCGCCTCTATCTCCTACTTCACAATCATTCTAGTCCTATTCCCCCTAGCAGCCAAACTAGAAAATAAAATGCTAAA"
"49",">AF089047.1 Passerina cyanea cytochrome b (cytb) gene, partial cds; mitochondrial","TGCTTAATTACTCAAATCATCACAGGTCTTCTGCTAGCTATACACTACACAGCAGACACCAACCTAGCCTTTTCCTCCGTCGCCCACATATGCCGAGACGTACAATTCGGCTGACTCATCCGCAACCTCCATGCAAACGGAGCCTCTTTCTTCTTCATCTGCATCTACCTCCACATCGGCCGAGGAATCTACTACGGCTCATACCTAAACAAAGAAACCTGAAATATCGGAGTCATCCTACTACTANCCCTCATAGCAACCGCTTTCGTAGGATACGTCCTACCATGAGGCCAAATATCATTCTGAGGAGCTACCGTTATTACAAATCTATTCTCAGCCATCCCCTACATCGGACAGACACTAGTCGAATGAGCCTGAGGAGGATTCTCCGTCGATAACCCCACATTAACCCGATTCTTCGCTCTCCACTTCCTCCTCCCATTCGTCATCGTAGGCCTCACACTTGTTCACCTCACCTTCCTCCACGAAACAGGCTCAAACAANCCCCTAGGCATCCCATCAGACTGCGACAAAATCCCCTTCCACCCATACTACACTATCAAGGACGCACTAGGATTCGTCCTAATACTCTCCCTACTCGTCTCACTAGCTCTGTTCTCCCCCAATCTCCTAGGAGACCCAGAAAACTTCACGCCAGCCAACCCCCTAGTCACTCCTCCACATATTAAACCCGAATGATACTTCCTATTTGCTTACGCCATTCTCCGATCCATCCCAAACAAACTAGGCGGAGTACTGGCCCTAGCCGCCTCAATTCTAGTCCTATTCCTCATGCCTCTGCTCCACACATCAAAACTTCGATCAATAACCTTTCGTCCTTTGTCCCAAATCCTATTCTGAACCCTAGTCGCCAACGTC"
"50",">KY754081.1 Ondatra zibethicus cytochrome b (cytb) gene, partial cds; mitochondrial","ATGACAATTATACGAAAAAAACATCCACTAATCAAGCTAATTAATCACTCATTCATCGACCTCCCAACCCCATCAAATATCTCATCATGATGAAATTTCGGCTCCCTACTGGGACTATGCTTAATAATTCAAATCCTCACAGGACTATTCCTAGCTATACACTATACATCAGACACATCAACAGCATTCTCATCAGTTACTCACATCTGCCGAGACGTAAATTACGGATGACTAATCCGCTATATACATGCAAACGGAGCCTCTATATTCTTCATCTGCTTATTCCTACACGTAGGACGAGGTATCTACTACGGTTCATACAATATAGTTGAAACCTGAAACATAGGTATTATCTTGTTATTCGCAGTAATAGCAACAGCATTCATAGGCTACGTACTTCCATGAGGACGAATATCCTTCTGAGGAGCTACAGTAATCACAAACCTCTTATCAGCAATCCCCTATATCGGGACCACCCTAGTAGAATGAATCTGAGGAGGCTTCTCAGTAGATAAAGCCACACTCACACGGTTCTTCGCATTTCACTTTATCCTACCATTCATCATTACAGCCCTAGTTCTAGTTCACCTATTATTCCTACACGAAACAGGATCCAACAACCCATCAGGACTAAACTCAGACGCAGACAAAATTCCATTTCACCCCTACTATACAATCAAAGATTTCTTAGGAGCCCTTATTCTATTAATAGTTCTCATAATTTTGGTTTTATTTTTCCCAGATGTTCTTGGAGACCCCGATAATTTTACTCCTGCAAATCCACTCAACACTCCGCCACACATTAAGCCAGAATGATACTTCCTCTTCGCCTACGCCATTCTACGATCTATCCCCAACAAACTAGGAGGAGTTCTAGCCCTAATCCTATCTATCCTAATCTTAGCCGCTATACCATTTTTACACACCTCAAAACAACAAGGACTTACATTCCGCCCAATCACACAGGCAATATACTGAACCCTAGTAGCAGACCTACTAATCCTCACATGAATTGGAGGCCAACCAGTTGAATATCCGTTTATCATTATTGGACAAGCAGCTTCAATTGCTTACTTTGCCATTATCATTATCTTTATACCCATTGCAGGAATCATTGAAAATAACATCTTAAACCTAGAC"
"51",">AY724766.1 Archilochus colubris cytochrome b (cytb) gene, partial cds; mitochondrial","TTTCGGATCCCTCCTAGGCCTATGCTTAATAACACAAATCCTAACAGGCCTTCTGCTAGCCATGCACTACACCGCAGACACCACCTTAGCCTTCACATCAGTCGCTCACACTTGCCGAAACGTTCAATACGGATGACTAATCCGGAATCTCCACGCAAATGGCGCCTCATTCTTCTTCATCTGCATCTATCTACACATCGGACGAGGATTCTACTATGGTTCCTACTTATATAAAGAAACCTGAAACACAGGAGTAATCCTCCTACTCACCCTAATAGCAACAGCTTTCGTAGGCTATGTCCTACCA"
"52",">KC969153.1 Calidris alba cytochrome b (cytb) gene, partial cds; mitochondrial","TTCGGGTCACTCCTGGGTATCTGCCTTGGGACACAAATCCTGACCGGCCTTCTACTCGCCATACACTACACCGCAGACACAACTCTAGCCTTCTCATCCGTCGCCCACACATGCCGAAACGTACAATACGGTTGACTAATCCGCAATCTACACGCAAACGGAGCCTCATTCTTCTTTATCTGCATTTACCTCCACATTGGACGAGGATTTTACTACGGCTCATACTTATACAAAGAAACATGAAACACAGGAGTCATCCTGCTCCTGACCCTAATAGCAACTGCTTTCGTAGGATATGTACTTCCATGAGGACAAATATCTTTCTGAGGAGCCACAGTCATCACCAATCTATTCTCAGCAATCCCGTACATCGGCCAAACCCTAGTAGAATGAGCATGAGGTGGGTTTTCCGTAGACAACCCAACACTAACCCGATTCTTCGCTCTCCACTTCCTACTTCCATTCATAATTGCAGGCCTCACCCTAATCCACCTCACCTTCCTCCACGAAACAGGTTCAAACAACCCACTTGGCATTGTATCAAACTGCGACAAAATTCCATTCCACCCCTACTTCTCACTCAAAGACATTCTAGGATTCATCATCATATTCCTATTCCTACTAACTCTCGCCCTATTCTCACCCAACCTGCTAGGAGACCCAGAAAACTTCACCCCGGCAAACCCTCTAGTTACACCCCCTCACATCAAGCCCGAATGATATTTCCTATTTGCATACGCCATTCTACGTTCAATCCCAAACAAATTAGGAGGAGTATTAGCCCTAGCAGCCTCCGTACTAGTCCTATTCCTAACTCCACTTCTCCACAAATCCAAACAACGTTCAATAACCTTCCGTCCCCTATCCCAACTCCTATTCTGAACCTTAGTCGCCAACCTCTTTATCCTAACCTGAGTAGGTAGCCAACCTGTAGAACACCCATTCATCATCATTGGACAACTAGCATCCCTCACCTACTTCACAATCCTTCTAATTCTATTCCCC"
"53",">AF089061.1 Spiza americana cytochrome b (cytb) gene, partial cds; mitochondrial","TGCCTAATCACCCAAATCATTACAGGTCTTCTGCTAGCCATACACTACACAGCAGACACCAACCTAGCATTCTCCTCCGTCGCCCACATATGCCGAGACGTACAATTCGGCTGACTCATCCGAAATCTCCATGCCAACGGAGCCTCATTCTTCTTCATCTGCATCTATCTCCACATCGGCCGAGGAATCTACTACGGCTCATACTTAAACAAAGAGACCTGAAACATCGGAGTTATCCTCCTACTCACCCTCATAGCAACCGCNTTTGTAGGCTACGTCCTACCATGAGGCCAAATATCATTCTGAGGAGCTACCGTAATTACAAACCTATTCTCAGCCATCCCCTACATCGGGCAAACACTAGTCGAATGAGCTTGAGGCGGATTCTCTGTCGATAATCCNACATTAACCCGATTCTTCGCTCTTCACTTCCTCCTCCCATTCGTTATCGTAGGCCTCACACTTGTCCATCTCACCTTCCTTCTCGAAACAGGCTCAAACAACCAATTAGGTATTCCCTCAGACTGCGACAANNNNNNNNNNNNNNNNNNNNNNNNNNNNNNNNNNNNNNNNNNNNNNNNNNNNNNNNNNNNNNNNNNNNNNNNNNNNNNNNNNNNNNNNNNNNNNNNNNNNNNNNNNNNNNNNNNNNNNNNNNNNNNNNNNNNNNNNNNNNCTCCCCCACACATCAAACCAGAATGATACTTCCTATTTGCCTACGCTATCCTCCGATCCATCCCAAACAAACTAGGGGNNATTAGCCCTAGCNGCCTCTATCCTAGTCCTATTCCTNATNCCCCTACTCCACACATCCAAATTACGATCAATAACCTTCCGCCCTCTATCTCAAATCCATTTTGAACTCTAGTCGCCAACGTACTTATCCTAAC"
"54",">EU834870.1 Butorides virescens cytochrome b (cytb) gene, partial cds; mitochondrial","ACTCTAGTAGAATGAGCCTGAGGCGGGTTCTCAGTAGATAACCCAACAGTCACACGATTCTTCGCCCTCCACTTCCTTCTTGCGTTCGCAATTGCAGGCCTCACTACAATTCACCTCACCTTCCTACACGAATCAGGATCAAACAACCCCCAAGGCATCGTGTCAAACTGCGATAAAATCCCATTCCACCCCTACTTCTCCGTAAAAGATATCCTAGGCTTTATACTCATGCTTCTACCACTTACAACCCTAGCCCTATTCTCCCCTAACTTACTAGGAGACCCAGAAAACTTTACCCCAGCAAACCCCTTAGTAACACCCCCCCACATCAAACCAGAGTGATACTTCCTATTTGCTTACGCCATCCTCCGATCTATCCCTAACAAACTAGGAGGAGTC"
"55",">AY631306.1 Sterna hirundo cytochrome b (cytb) gene, partial cds; mitochondrial","TGAAACTTCGGATCTCTACTAGGCATTTGCCTATTAACACAGATCCTAACAGGACTTCTACTAGCCATACACTACACCGCAGATACAACCCTAGCTTTTTCATCCGTAGCCCACACATGCCGAAACGTACAATACGGCTGATTAATCCGCAATCTCCATGCAAATGGGGCATCATTCTTCTTCATTTGTATCTACTTACATATTGGACGAGGATTCTACTATGGCTCATACCTATACAAAGAGACATGAAATACAGGAGTTATTCTCTTATTGACCCTAATGGCCACCGCCTTCGTAGGGTACGTCCTACCATGAGGACAAATATCTTTCTGAGGTGCTACAGTCATCACCAACCTATTCTCAGCAATCCCCTACATCGGCCAAACCCTAGTAGAATGAGCCTGAGGTGGTTTCTCAGTAGACAATCCAACACTCACCCGATTCTTTGCCCTACACTTCCTTCTCCCATTCATAATTGCAGGTCTCACCCTTATCCACCTTACCTTTCTCCATGAATCTGGATCGAACAATCCACTGGGTATCCTATCAAACTGCGACAAAATCCCATTCCACCCCTACTTCTCACTAAAAGATATCCTAGGATTCACTATCATATTCCTCCCACTAACGACCCTAGCTCTATTCTCACCAAATCTGTTAGGAGACCCAGAAAACTTTACCCCAGCAAACCCATTAGTTACACCTCCCCATATTAAACCCGAATGATATTTCCTATTCGCATACGCTATCCTACGCTCCATCCCTAACAAACTAGGGGGTGTATTAGCTTTAGCAGCCTCCGTACTAGTACTATTCCTAAGCCCCCTACTCCATAAGTCCAAACAGCGTTCAATAACCTTCCGTCCCCTCTCCCAGCTCCTATTNTGAATCCTAGTCGCCAATCTCTTTATCCTGACATGAGTAGGCAGTCAACCCGTAGAACATCCATTCATCATCATCGGACAACTAGCTTCCTTAACCTACTTCACCATCCTACTGCTCCTATTCCCCGCTATTGGCACCCTAGAAAATAAAATACTTAATTACTAA"
"56",">DQ868945.1 Francolinus pondicerianus cytochrome b (cytb) gene, partial cds; mitochondrial","TATTCTCAGCAATCCCCTACATCGGACAAACCCTAGTAGAATGAGCCTGGGGGGGATTCTCAGTCGACAACCCAACACTCACCCGATTCTTCGCCCTACACTTTCTCCTCCCCTTCATAATCGCAGGAATCACTATCATTCACCTCACACTCCTTCACGAATCAGGTTCAAACAACCCCCTAGGCATCTCATCCAACTCTGACAAAATTCCATTCCACCCATACTACTCCCTCAAAGACATCCTAGGCCTAATTCTTATACTCATTCCACTCCTCACACTGACCCTATTTTCCCCCAACCTTCTAGGCGACCCAGAAAACTTTACCCCAGCAAACCCACTAGTGACCCCCCCACACATCAAACCAGAATGATACTTTCTATTTGCCTATGCCATCCTCCGATCAATCCCTAACAAACTAGGAGG"
"57",">AY894227.1 Tringa flavipes cytochrome b (cytb) gene, partial cds; mitochondrial","CTAGCCTTTTCATCTGTCGCCCACACATGTCGAAACGTACAATATGGTTGACTAATCCGCAACCTACACGCAAACGGAGCATCATTCTTTTTCATCTGCATCTACCTTCACATCGGACGAGGATTCTACTACGGCTCATACCTATACAAAGAAACATGAAACACAGGTGTCATTTTACTCCTAACCCTAATAGCAACTGCTTTCGTAGGATATGTTCTACCATGAGGACAAATATCCTTCTGAGGAGCAACAGTCATCACCAACCTATTCTCAGCAATTCCCTACATCGGCCAAACCTTAGTAGAATGAGCTTGAGGGGGCTTTTCAGTAGACAACCCAACATTAACCCGATTCTTCGCCCTCCATTTCCTACTACCATTCATCATTGCAGGGCTCACCCTAATCCACCTAACATTTCTTCACGAAACCGGCTCAAACAATCCACTAGGAATCGTATCAAACTGCGATAAAATCCCATTCCACCCCTACTTCTCACTAAAAGATATTCTAGGATTTATCATTATATTCCTTCCATTATTAACCCTCGCCCTATTCTCACCTAACCTCCTAGGAGACCCAGAAAATTTCACACCAGCCAACCCTCTAGTTACACCCCCTCATATTAAACCCGAATGATACTTCCTATTTGCATACGCTATCCTACGTTCAATCCCCAACAAACTAGGAGGAGTGCTAGCCCTAGCCGCATCTGTATTAGTACTATTCTTAACTCCTTTTCTCCACAAATCCAAACAACGTACAATAACCTTTCGGCCCCTATCCCAACTCCTATTCTGAACCCTAGTTGCCAACCTTTTTATCCTCACATGAGTAGGCAGTCAACCCGTAGAACACCCGTTCATCATTATT"
"58",">AY987294.1 Aquila chrysaetos cytochrome b (cytb) gene, partial cds; mitochondrial","GATCTGCCTAATAACACAAATCCTAACCGGCCTCCTATTAGCCATACACTACACCGCAGACACCACCCTAGCCTTCTCATCCGTCGCCCACACATGTCGGAACGTACAGTACGGCTGACTAATCCGCAACCTACATGCCAACGGAGCATCCTTCTTCTTCATCTGCATTTACCTTCACATCGGCCGAGGACTCTACTACGGCTCATACCTTTATAAAGAGACCTGAAACACAGGAATCATTCTCCTACTTACCCTTATAGCAACCGCCTTTGTAGGCTATGTCCTCCCATGAGGACAGATATCCTTCTGAGGAGCCACAGTCATCACCAACCTATTCTCAGCAATCCCATACATCGGACAAACCCTCGTAGAGTGGGCCTGAGGTGGATTCTCTGTAGATAACCCCACCCTCACTCGCTTCTTCGCCCTACATTTTTTACTTCCATTCCTTATCGCAAGCCTTACCCTAATCCACCTTACCTTCCTACACGAGTCCGGATCAAACAATCCCCTAGGAATTATCTCAAACTGTGACAAAATCCCATTCCACCCCTACTTCTCCCTAAAAGACATCCTAGGATTCGTACTAATACTACTCCCACTAACAACTCTAGCTCTATTCTCACCTAACCTGCTAGGCGACCCAGAAAACTTCACCCCAGCAAACCCCCTAGTTACACCCCCTCATATCAAACCAGAATGATACTTCCTATTTGCATACGCCATCCTACGTTCAATCCCAAACAAGCTGGGAGGAGTGCTAGCTCTAGCTGCCTCAGTACTGATCCTATTCCTTATCCCCTTCCTCCATAAGTCCAAACAACGCACAATAACCTTTCGACCCCTCTCCCAACTCCTATTCTGGACCCTAATCGCCAACCTCCTCATCCTCACATGGATTGGCAGCCAACCAGTAGAACACCCGTTCATTATCATCGGCCAACTCGCCTCCCTCACCTACTTCTCCACCCTCCTAATCCTCTTCCCTCTAATTGGAGCCCTCGAAAATAAAATGCTCAACCACTAA"
"59",">AY724763.1 Sayornis phoebe cytochrome b (cytb) gene, partial cds; mitochondrial","CTTTGGCTCTCTACTAGGAATCTGCCTAGTAACACAAATCATCACCGGCCTCCTCCTAGCTATACACTATACTGCAGACACCTCTCTAGCCTTCACATCAGTTGCTCACACATGCCGAAACGTCCAATTTGGCTGACTTATCCGAAACCTTCACGCAAATGGAGCATCATTCTTCTTTATCTGCATCTATCTACACATCGGACGAGGGTTCTACTACGGATCTTACCTCTGTAAAGAAGCCTGAAACACAGGCGTTATCCTCCTCCTGACCCTAATAGCAACTGCTTTTGTTGGCTATGTTCTCCCA"
"60",">DQ467903.1 Melopsittacus undulatus cytochrome b (cytb) gene, partial cds; mitochondrial","TTTGGATCCCTCCTAGGAATCTGCCTAACAACACAAATCTTAACTGGCCTACTTTTAGCCACCCACTACACTGCAGATACCTCCCTAGCCTTTTCATCCGTAGCCAACACATGCCGAAACGTACAATACGGATGATTAATCCGTAATCTCCACGCAAACGGAGCTTCATTCTTCTTCATCTGCATCTACCTCCACATCGCCCGAGGATTCTACTACGGCTCATACCTATACAAAGAAACCTGAAATACAGGAGTTATCCTCCTACTTACCCTCATAGCAACTGCCTTCGTCGGCTATGTACTACCATGAGGCCAAATATCATTTTGAGGGGCCACAGTCATTACAAATCTATTCTCTGCTATCCCCTATATCGGACAAACCCTAGTAGAATGGGCTTGAGGTGGCTTCTCCGTAGACAACCCCACTCTAACCCGATTCTTTGCCCTCCACTTCCTCCTCCCATTCATAATCGCAGGCCTAGCTTTCGTCCACTTAACCTTCCTCCACGAATCAGGATCCAACAACCCCCTAGGCATTTCATCCAACTGCGATAAAATTCCATTCCACCCATACTTCTCCCTAAAAGATCTACTAGGATTTACAATCATACTCCTCCTCCTCACTACCCTTGCCCTATTCACACCCAACCTGTTAGGAGACCCCGAAAACTTCACCCCAGCAAACCCCCTAGTAACCCCCCCACATATCAAACCTGAATGATACTTCCTATTTGCATACGCAATCCTACGCTCTATCCCCAATAAACTGGGAGGTGTCGTGGCCTTAGCCGCCTCCGTACTAATCCTATTCTTAAGCCCCATGCTCCACAAGTCTAAACAACGCACCATAGCCTTCCGCCCAATCTCTCAACTCCTATTCTGAACCCTTACCGCTAACNTATTCATNCTAACTTGAGTAGGAAGC"
"61",">AY894240.1 Phalaropus tricolor cytochrome b (cytb) gene, partial cds; mitochondrial","CTAGCTTTTTCATCAGTCGCCCACACATGTCGAAACGTACAGTACGGTTGACTAATCCGAAATTTACATGCAAATGGAGCCTCATTCTTCTTCATTTGTATCTACTTTCACATCGGACGAGGATTCTACTATGGCTCATATCTCTACAAAGAAACATGAAACACAGGTGTCATCTTACTCCTGACCTTAATAGCAACTGCCTTCGTAGGCTATGTCCTACCATGAGGACAAATATCCTTCTGAGGAGCTACAGTCATCACTAACCTATTCTCAGCAATTCCATATATTGGCCAAACTTTAGTAGAATGAGCCTGAGGAGGATTTTCAGTAGACAACCCCACACTAACTCGATTCTTCGCCCTCCATTTCTTACTACCATTCATCATCGCAGGCCTCACCATTATTCACCTCACCTTCTTACATGAAACAGGCTCAAATAACCCCCTAGGCATCGTATCAAACTGTGACAAAATCCCATTCCACCCCTATTTCTCACTAAAAGACATCTTAGGATTCATCATTATATTCCTACCCTTACTTACCCTTGCCCTATTCTCACCCAACCTTCTAGGTGACCCAGAAAATTTCACACCAGCAAACCCTCTAGTTACACCACCACATATTAAACCAGAATGATATTTCCTATTCGCATACGCCATCCTACGATCAATTCCTAACAAACTAGGAGGCGTCTTAGCTCTAGCAGCCTCTGTCCTAGTCCTATTCCTAACCCCCCTCCTCCACAAATCCAAACAACGCACAATAACATTCCGCCCCCTATCCCAACTCCTATTTTGAATACTCGTCTCTAACCTATTTATCCTAACATGAGTAGGCAGCCAACCCGTTGAACATCCATTTATCATTATT"
"62",">AY631304.1 Sterna forsteri cytochrome b (cytb) gene, partial cds; mitochondrial","TGAAACTTCGGATCTTTACTGGGCATTTGCCTACTAACACAAATCCTAACAGGCCTCCTACTAGCCATACACTACACTGCAGATACAACCCTAGCTTTTTCATCTGTAGCTCACACATGCCGAAACGTACAATACGGCTGATTAATTCGCAATCTCCATGCAAACGGAGCATCATTCTTCTTCATTTGCATCTACTTACATATCGGGCGAGGATTCTACTATGGTTCATACCTATACAAAGAAACATGAAACACAGGAGTTATTCTCCTACTGACCCTAATAGCTACCGCCTTCGTAGGGTATGTCCTACCATGAGGGCAAATATCTTTCTGAGGCGCTACAGTCATCACCAACCTATTCTCAGCAATCCCCTACATCGGTCAAACTCTAGTAGAATGGGCCTGAGGCGGCTTCTCAGTAGACAACCCAACATTAACCCGATTCTTTGCCCTACACTTCCTTCTCCCATTCATAATTGCAGGCCTTACCCTTATCCACCTTACCTTTCTCCACGAATCAGGATCAAACAATCCACTCGGTATCCTATCAAACTGTGACAAAATCCCATTTCACCCCTACTTCTCACTAAAAGACATCCTAGGATTCACTATCATATTCCTCCCACTAACAACCCTAGCTCTATTCTCACCAAATCTATTAGGGGATCCAGAAAACTTCACCCCAGCAAACCCACTAGTTACACCTCCCCATATCAAACCCGAATGATACTTCCTATTCGCGTACGCTATCCTACGCTCCATCCCTAACAAACTGGGAGGTGTACTAGCTTTAGCAGCCTCCGTATTAGTACTATTCCTAAGCCCCCTACTTCATAAATCCAAACAACGCTCAATAACCTTTCGCCCCCTCTCCCAGCTCCTATTCTGAATTCTAGTCGCCAACCTCTTTATCCTGACATGAGTAGGTAGTCAACCCGTAGAACATCCATTCATCATCATCGGACAGCTAGCTTCCTTAACCTACTTCACCATCCTATTACTCCTATTCCCCGCTATTGGCACCCTAGAAAATAAAATACTTAACTACTAA"
"63",">EU166985.1 Megaceryle alcyon cytochrome b (cytb) gene, partial cds; mitochondrial","CTAGGTATCTGTCTCATAACCCAAATCATCACTGGCCTACTCCTAGCCATGCACTACACTGCAGATACATCACTAGCCTTTTCATCCGTCGCCCACACTACTCGAAACGTCCAATACGGCTGATTAATCCGCAACCTACATGCGAACGGAGCCTCATTCTTCTTCATCTGCATCTACCTGCACATTGGACGAGGCCTTTACTACGGCTCATACTTATACAAAGAAACCTGAAACACCGGCATCATCCTCCTCCTCACCTTAATAGCAACAGCCTTTGTAGGATACGTCCTGCCATGAGGACAAATATCCTTCTGAGGAGCTACAGTCATCACCAACCTATTCTCTGCTATTCCATATGTGGGCCAAACCCTAGTAGAATGAGCCTGAGGCGGATTCTCAGTAGATAACCCCACACTCACCCGCTTTTTTGCCCTACACTTCCTCCTTCCCTTCCTAATTGCAGGCCTCACACTCATCCACCTAACCTTCCTACACGAATCCGGATCAAATAACCCCCTAGGCATCACATCAAACTGCGACAAAATCCCGTTCCACCCCTACTTTTCCATAAAAGACATCCTCGGCTTTATCTTCATATTCCTCCCCCTCATATCCATCGCCTTATTCTCCCCAAACCTCCTAGGCGACCCAGAAAACTTCACCCCCGCAAACCCCCTAGTAACCCCTCCCCACATCAAACCAGAATGATACTTCCTATTTGCCTACGCCATTCTACGATCAATCCCAAACAAACTAGGAGGTGTCCTAGCCCTCGCCGCTTCAGTAATAATCCTATTCCTAATCCCCTTCCTACACAAATCCAAACAACGATCTATAACCTTTCGCCCCCTGTCCCAACTTTTATTCTGAACCCTAGTCGCTAACCTCCTCATTCTCACATGAGTAGGCAGCCAACCCGTTGAACACCCATTCATCATTATCGGACAACTAGCCTCCATCACCTACTTCTCTATCTTACTTATTCTACTTCCCGCCATCGGGACCCTAGAAAACAAAATCCTAAACTTCTAA"
"64",">AY752402.1 Sialia sialis cytochrome b (cytb) gene, partial cds; mitochondrial","GTAACCGGCCTACTACTTGCCACCCATTACACAGCAGACACCTCACTAGCCTTCAACTCAGTAGCCCACATATGTCGAAACGTCCAATTCGGCTGACTAATCCGAAACCTTCATGCAAACGGAGCCTCATTCTTCTTCATCTGCATCTACCTTCACATCGGACGAGGATTCTACTACGGCTCCTACTTAAACAAAGAAACCTGAAACATTGGAGTCATCCTCCTACTAACTCTAATAGCAACCGCCTTTGTCGGTTACGTCCTACCTTGAGGACAAATATCATTTTGAGGAGCGACAGTAATCACCAACCTATTCTCAGCCATCCCCTACATTGGTCAAACACTTGTAGAATGAGCCTGAGGCGGATTCTCAGTAGATAACCCCACATTAACACGATTCTTCGCCCTTCACTTCCTCCTTCCATTCGTCATCGCAGGACTCACACTAGTCCACTTAACCTTCCTACACGAAACAGGCTCAAACAACCCACTAGGCATCCCTGCAGACTGCGACAAAATCCCATTCCACCCATACTACTCCGTAAAAGATATTCTAGGCTTCGCACTAATAATTATCCCACTAGTTTCCTTAGCCCTCTTCTCCCCAAATCTCCTAGGAGACCCAGAAAACTTCACCCCTGCTAACCCCCTAGCCACACCCCCACATATCAAACCAGAATGATACTTCCTATTCGCATACGCCATCCTACGCTCCATCCCCAACAAACTAGGCGGAGTCCTAGCCCTAGCCGCCTCCGTTTTAGTCCTATTCCTCCTTCCCCTCCTTCACACATCAAAACTACGCTCAATAACATTCCGACCTATCTCACAAGTCCTATTCTGGACCCTAGTCGCCAATCTCCTAATCCTAACCTGAGTAGGAAGCCAACCAGTTGAACACCCATTCATCATCATCGGCCAACTCGCCTCTATCTCCTACTTCACAATTATTCTAGTCCTATTCCCCCTAGCAGCTAAACTAGAAAATAAAATGCTAAA"
"65",">AY894239.1 Phalaropus lobatus cytochrome b (cytb) gene, partial cds; mitochondrial","CTAGCCTTTTCATCCGTTGCCCATACATGCCGAAATGTACAATACGGTTGATTAATTCGCAACCTACATGCAAATGGAGCCTCATTCTTCTTCATCTGCATTTACTTCCACATTGGACGAGGATTTTACTACGGCTCATACCTGTACAAAGAAACATGAAACACAGGAGTTATTCTACTCCTAACCCTAATAGCAACTGCTTTCGTAGGATACGTCCTTCCATGAGGACAAATATCCTTTTGAGGAGCCACAGTCATCACCAATCTATTCTCAGCAATCCCATACATCGGCCAAACCCTAGTAGAATGAGCCTGAGGTGGATTCTCAGTAGACAACCCAACACTAACGCGATTCTTCGCCTTACATTTCCTTCTACCATTCATAATTGCAGGTCTCACCCTAATCCATCTCACCTTCCTCCACGAAACCGGCTCAAACAACCCTCTAGGTATTGTATCAAACTGTGATAAAATTCCATTCCACCCATACTTCTCACTAAAAGATGTCCTAGGATTCATTATCATATTCCTACCCCTATTAACCCTTGCCTTATTTTCACCTAACCTTCTAGGAGACCCAGAAAACTTTACACCGGCTAACCCCCTAGTTACACCACCCCATATCAAACCAGAGTGATATTTCCTATTTGCATATGCCATTCTACGATCAATCCCCAATAAACTAGGAGGAGTTCTAGCCCTAGCAGCATCCGTACTAGTCCTATTCCTAGCCCCATTCCTCCACAAATCTAAACAACGTACAATAATCTTCCGTCCATTCTCCCAACTCCTATTCTGAACCCTAGTTGCTAACCTCTTTATCCTAACATGAGTAGGCAGCCAACCCGTCGAGCATCCATTCATCATCATC"
"66",">AY724767.1 Calypte anna cytochrome b (cytb) gene, partial cds; mitochondrial","CTTCGGATCCCTCCTAGGCCTATGCTTAATAACACAAATCCTAACAGGCCTCTTGCTCGCCATACACTACACCGCAGACACTACCTTAGCTTTCACATCAGTCGCCCACACCTGCCGAAACGTTCAATACGGATGACTGATCCGAAACCTCCATGCAAATGGCGCCTCATTCTTCTTCATCTGCATCTACCTACACATTGGACGAGGATTCTACTACGGATCCTACCTATACAAAGAAACCTGAAACACGGGAGTAATCCTACTACTCACCCTAATAGCTACAGCTTTCGTAGGCTATGTACTACCA"
"67",">KC969158.1 Calidris fuscicollis cytochrome b (cytb) gene, partial cds; mitochondrial","TTTGGATCACTCCTAGGTATCTGCTTAGGAACACAAATCCTAACCGGCCTCCTGCTTGCCATGCACTATACTGCAGACACTACCCTAGCCTTCTCATCCGTCGCCCATACATGCCGAAACGTACAATATGGCTGACTAATCCGCAACCTACATGCAAACGGAGCCTCATTCTTCTTCATCTGCATTTACTTCCACATTGGACGAGGCTTCTACTATGGTTCATATCTATACAAAGAGACATGAAACACAGGAGTCATCTTACTCCTAACCCTTATAGCAACTGCTTTCGTAGGATATGTACTCCCATGAGGACAAATATCTTTCTGAGGAGCTACAGTCATCACCAACTTATTCTCAGCAATCCCATACATCGGCCAAACCCTTGTAGAATGGGCATGAGGTGGATTTTCCGTAGACAACCCAACACTAACCCGATTCTTCGCCCTCCACTTCCTACTCCCATTCATAATCGCAGGCCTCACCTTAATCCACCTTACTTTCCTACACGAAACAGGCTCAAACAATCCACTCGGCATTGTATCAGACTGCGACAAAATCCCATTTCACCCTTACTTCTCACTCAAGGATATCCTAGGATTCATCATCATATTCCTATTCCTACTAACCCTCGCCCTATTCTCACCTAACCTACTAGGAGACCCAGAAAATTTCACTCCAGCAAACCCCCTAGTCACACCTCCCCATATCAAACCTGAATGATATTTCCTATTCGCATACGCTATTCTACGTTCAATCCCAAACAAATTGGGAGGAGTCCTAGCTCTAGCAGCTTCAGTACTAGTCCTATTCTTGACCCCACTTCTTCACAAATCCAAACAACGTTCAATAACCTTTCGTCCCCTGTCCCAACTCCTATTCTGAACCCTAGTTGCTAACCTCTTCATCTTAACCTGAGTAGGTAGCCAACCTGTAGAACACCCATTCATCATCATTGGACAACTAGCATCTTTCACCTACTTCACAATCCTTCTAATCCTATTCCCC"
"68",">AY631285.1 Anous stolidus cytochrome b (cytb) gene, partial cds; mitochondrial","AACTACGGATCTCTACTAGGCATCTGACTACTAACCCAAATCCTTACAGGACTNNTTCTAGCTATACACTACACNGCANACACAACTCTNNCNTNNTCATCNGTNGCNCANACATGCNGANNTGTGCAATATGGTTGACTAATCCGAAACCTACNTGCANANGGNNCNTNTTTATTNNNCATATGNATCTACCTACACATNGGNNNNGGATTTTACTATGGCTCATATCTCAACAAAGAAACCTGGAACACAGGAGTTATCCTCCTACTAACACTAATAGCAACCGCCTTCGTAGGGTATGTCCTACCATGAGGACAAATATCCTTCTGAGGTGCTACAGTCATCACTAACCTATTCTCAGCAATTCCTTACATCGGCCAAACCCTTGTAGAATGAGCTTGAGGTGGTTTCTCAGTAGACAATCCAACACTCACCCGATTCTTTGCCCTTCACTTCCTCCTCCCATTCATAATTGCAGGACTCACCCTTATTCATCTTACTTTCCTCCACGAAACAGGATCGAACAATCCACTAGGTATTCAATCAAACTGTGACAAAATTCCATTTCACCCCTACTTCTCACTAAAAGACATCCTAGGATTCATTATCTTGTTTCTCCCACTAACAGCCCTAGCCCTATTCTCTCCAAACCTACTAGGAGACCCAGAAAACTTCACCCCAGCAAATCCACTAGTTACACCACCCCACATTAAGCCCGAATGGTACTTCCTATTTGCATATGCCATCCTACGCTCTATCCCCAATAAATTAGGAGGCGTATTAGCCCTAGCAGCCTCCGTACTAGTCCTATTNNNNACCCCCCTACTCNAAAAATCCAAACAACGCTCAATAACCTTCCGCCCCCTCTCACAACTCCTATTNTGAACCCTAGTCACCAACCTCCTCATCCTAACATGAGTAGGCAGCCAACCCGTGGAACACCCTTTCATCATCATCGGACAGCTAGCATCCCTAACCTACTTCACCATCCTACTTCTCCTATTCCCAGCCGCCGGAGCCCTAGAAAACAAGATACTTAATTACTAA"
"69",">AY611476.1 Icterus bullockii cytochrome b (cytb) gene, partial cds; mitochondrial","CTTCGGATCTCTACTGGGCGTTTGCTTAATTACTCAAATCGTCACAGGTCTCCTGCTAGCCATACACTACACAGCAGACACCAACCTAGCTTTCTCTTCCGTCGCTCACATATGCCGAGACGTACAATTCGGCTGACTCATCCGCAACCTCCATGCAAACGGAGCCTCCTTCTTCTTCATCTGCATCTATCTCCACATCGGCCGAGGCATCTACTACGGCTCATACCATTACAAAGAAACCTGAAACATCGGAGTTATTCTCCTCCTAACCCTCATAGCAACCGCCTTTGTAGGATACGTGCTACCATGAGGCCAAATATCATTCTGAGGCGCCACTGTTATCACAAACCTGTTCTCAGCTATCCCGTACATCGGACAAACACTAGTCGAATGAGCCTGAGGTGGCTTCTCCGTCGACAACCCCACACTAACTCGATTCTTCGCCCTCCACTTCCTCCTCCCCTTCGTCATCGTAGGACTCACTCTCGTCCACCTCACCTTTCTACACGAAACAGGGTCAAACAACCCCCTAGGCATCCCATCAGACTGCGACAAAATCCCCTTCCACCCGTACTACACCATTAAAGACGTTCTAGGATTTATTCTAATACTCTCCCTGCTCGTCTCATTAGCCCTATTCTCCCCCAACCTCCTAGGAGACCCAGAAAACTTCACCCCAGCTAACCCCCTAGTCACCCCTCCCCATATCAAACCCGAATGATACTTCCTATTTGCATACGCCATCCTCCGATCCATCCCAAACAAACTAGGAGGCGTATTAGCCCTAGCCGCCTCAATTCTAGTCTTATTCCTCATACCACTACTTCACACATCAAAACTACGATCAATAACTTTCCGTCCCCTATCACAAATCCTGTTCTGAGCCCTAGTAGCCAACGTCCTAATCCTAACCTGAGTGGGCAGC"
"70",">KF924046.1 Columbina passerina cytochrome b (cytb) gene, partial cds; mitochondrial","TTATTAGGCATCTGCCTACTAACTCAAATCCTGACCGGCCTACTGCTAGCCGCACACTACACCGCAGACACAACCCTAGCCTTTTCATCCGTAGCTCACACTTGCCGAGACGTCCAATATGGCTGACTAATCCGCAACCTACACGCAAACGGAGCTTCATTCTTCTTCATCTGCATCTACCTGCACATTGGACGTGGACTATACTACGGTTCTTACCTGTATAAAGAAACCTGAAACACAGGTATCATCCTCCTTCTAACTCTTATAGCAACTGCCTTCGTAGGCTACGTACTACCCTGAGGTCAAATATCCTTCTGAGGAGCTACAGTCATCACTAATCTATTCTCTGCAGTCCCCTACATTGGCCAAACCCTTGTTGAATGAGCCTGAGGGGGCTTTTCAGTAGACAACCCAACACTAACACGTTTCTTCACCCTTCACTTCCTTCTCCCCTTCTTAATTGCAGGTCTTACCATTATCCACCTCACATTCCTACACGAATCTGGTTCAAATAACCCCCTAGGAATCTCCTCAAACTGTGATAAAATCCCATTCCATCCCTACTTCTCCCTAAAAGACATCCTCGGCCTCGCATTCATACTTCTTCCCTTACTAACCCTAGCTATATTCTCCCCCAACCTCTTAGGAGATCCAGAAAACTTCACACCCGCAAACCCCCTAATCACACCCCCTCATATCAAACCAGAATGATACTTCCTATTCGCATACGCCATCCTACGCTCCATTCCCAACAAACTAGGAGGCGTATTAGCCTTAGCTGCTTCAGTGCTAATCCTATTCCTCATTCCCCTACTTCACAAATCCAAACAACGCACAATAATCTTCCGCCCCCTCTCCCAAATCCTATTCTGAATTATAGTGGCTAACCTTCTCATCCTAACCTGAGTGGGCAGCCAACCCGTAGAACACCCATTTATCATCATCGGCCAACTAGCCTCTCTCGCCTACTTCGCTACCCTCTTAATCCTTTTCCCCACCATCGGAGCCCTAGAGAACAAATTACTTAACTACTAA"
"71",">JQ963052.1 Numenius americanus cytochrome b (cytb) gene, partial cds; mitochondrial","CTAGGAATTTGCCTCATGACCCAAATCCTAACCGGACTTTTACTTGCCATACACTATACTGCAGACACCACCTTAGCCTTCTCATCAGTCGCCCACACATGTCGAAACGTACAGTATGGCTGATTAATTCGCAACCTACACGCAAACGGAGCTTCATTCTTCTTCATCTGCATCTACCTCCACATTGGACGAGGATTCTACTATGGTTCTTACCTGTACAAAGAAACATGAAATACAGGTGTTATTCTCCTCCTAACCCTAATAGCAACTGCCTTCGTAGGATATGTTCTGCCATGGGGACAAATATCCTTCTGAGGGGCTACAGTCATCACCAACCTATTCTCAGCAATCCCATACATTGGCCAAACCCTTGTAGAATGAGCATGAGGTGGATTCTCAGTAGACAACCCAACATTAACTCGATTCTTCGCTCTCCATTTCCTCCTCCCATTCATAATTGCAGGCCTTACACTAATCCACCTCACCTTCCTGCACGAAACCGGCTCAAACAACCCCCTAGGCATCTCATCAAACTCCGACAAAATCCCATTCCACCCTTATTTCTCCCTAAAAGATATTCTAGGATTCACCATCATATTCCTACCACTACTAACCTTAGCTCTATTTTCACCAAACCTCCTAGGAGNCCCAGAAAACTTTACACCAGCAAACCCTCTAGTCACACCACCCCATATTAAACCCGAATGATACTTCCTATTCGCGTATGCTATCCTACGCTCAATCCNCAACAAACTAGGAGGAGTACTAGCCTTAGCAGCCTCCGTACTAGTTCTATTCCTAATCCCACTACTTCATAAATCCAAACAACGCACAATAACCTTTCGCCCCCTTTCNCAGCTCTTATTCTGAGCCTTAGCTGCCAACCTCCTTATTCTAACATGAGTAGGCAGCCAACCCGTAGAACACCCATTTATTATCATTGGACAACTAGCCTCCCTTACATACTTCGCCATCATCCTATTCCTATTCCCCCTCATAGCAACCTTAGAAAACAAAATACTCAACTAC"
"72",">EF210778.1 Corvus caurinus cytochrome b (cytb) gene, partial cds; mitochondrial","GACAAAATCCCATTCCATCCTTACTACTCCATCAAAGACCTACTAGGATTNGCACTAANANTNNTNNCATTCATCGCCCTAGCCCTATTCTCCCCAAACCTCCTAGGAGACCCAGAAAATTTCACGCCCGCCAACCCCCTGGCCACACCCCCACACATTAAACCTGAGTGATACTTCCTATTTGCATACGCCATTCTTCGATCCATCCCAAACAAACTAGGAGGAGTCCTAGCCCTAGCTGCCTCAGTCCTAATCCTATTCCTAATACCTCTCCTCCACACTTCTAAACAACGCTCCATAACCTTCCGACCCCTATCTCAAATCCTATTCTGAATGCTAGTTACGGACCTACTCATCCTAACATGGGTAGGAAGCCAACCAGTCGAACACCCATTCATCATCATTGGACAACTAGCCTCCTTCACCTACTTCGCAANCATCCTAATCNTATTCCCNNTCGCGAGTGCGCTAGAAAACAAAATACTCAAACTCTAA"
"73",">AY631284.1 Anous minutus cytochrome b (cytb) gene, partial cds; mitochondrial","TGAAACTTTGGCTCCCTGCTAGGTATCTGCCTATTAACCCAAATTCTTACAGGACTTCTTCTAGCCATACATTACACCGCAGACACAACTCTTGCATTCTCATCCGTCGCCCACACATGCCGAAATGTACAATACGGCTGACTAATCCGAAACCTCCATGCAAATGGGGCATCCTTCTTCTTCATCTGTATCTACCTACACATTGGACGAGGATTTTACTACGGCTCATACCTCAACAAAGAAACCTGAAATACAGGAGTTATCCTCCTACTAACACTAATAGCAACTGCCTTTGTAGGGTATGTTCTACCATGAGGGCAAATATCCTTCTGAGGTGCTACAGTTATTACTAACCTGTTCTCAGCAATTCCCTACATCGGTCAAACCCTTGTAGAATGAGCTTGAGGTGGTTTCTCAGTAGATAACCCAACACTCACCCGATTCTTTGCCCTCCACTTCCTCCTCCCATTCACAATCGCAGGCCTCACCCTTATTCATCTTACTTTCCTTCACGAATCAGGATCAAACAATCCACTAGGTATTCAATCAAACTGTGACAAAATCCCATTCCACCCCTACTTCTCATTAAAAGACATCCTGGGCTTTATCATCTTATTTCTCCCACTAACAGCCCTGGCCCTATTCTCACCAAACCTACTAGGTGATCCAGAAAATTTCACCCCAGCAAACCCATTAGTTACACCGCCCCACATTAAACCCGAATGATACTTCTTATTTGCATATGCCATCCTACGCTCTATCCCCAACAAACTAGGAGGTGTATTAGCCCTAGCAGCCTCCGTATTAGTACTATTCCTAATCCCACTACTCCACAAATCCAAACAACGCTCAATAACTTTCCGTCCCCTNTCACAACTCCTATTNTGAATCCTAGTCACCAACCTTCTCATCCTGACATGAGTAGGTAGCCAGCCCGTAGAACACCCATTCATCATCATCGGACAACTAGCATCCCTAACCTACTTCACCATCCTACTCCTCTTATTTCCAGCCGCCGGAGCCCTAGAAAACAAAATACTTAACTACTAA"
"74",">AY894235.1 Tringa solitaria cytochrome b (cytb) gene, partial cds; mitochondrial","TTAGCCTTTTCATCYGTTGCCCACACATGCCGAAACGTACAGTACGGCTGATTAATTCGCAACCTACATGCAAATGGAGCCTCATTTTTCTTCATCTGCATCTACCTTCACATCGGACGAGGATTCTATTACGGCTCATACCTATACAAAGAAACATGAAACACAGGTGTCATTCTACTCCTAACCCTAATAGCAACTGCCTTTGTAGGATACGTTTTACCATGAGGACAAATATCCTTCTGAGGGGCAACAGTCATTACCAACCTATTCTCAGCAATCCCATACATCGGCCAAACACTAGTAGAATGAGCTTGAGGGGGCTTTTCAGTAGATAACCCAACACTAACACGATTCTTTGCCCTCCACTTCCTACTACCATTCATCATCGCCGGACTAACCTTAATCCACCTAACATTTCTTCACGAAACCGGCTCAAACAACCCACTAGGAATTGTATCAAACTGCGACAAAATTCCATTCCACCCCTACTTCTCACTAAAAGACATTCTAGGATTCATAATCATATTCCTTCCACTATTAACCCTCGCCTTATTTTCACCTAATCTCCTAGGAGACCCAGAAAATTTCACACCAGCCAACCCTCTAGTTACACCACCACATATCAAACCTGAATGGTATTTCCTATTTGCATATGCCATCCTACGTTCAATTCCTAACAAACTGGGTGGAGTGCTAGCCCTAGCAGCATCTGTACTAGTACTATTCCTGCCCCCTTTTCTCCATAAATCCAAACAGCGCACAATAACCTTCCGACCCCTATCCCAACTTCTATTCTGAACCCTAGTTGCCAACTCCTTATTTTTAACATGAGTAGGTAGCCAACCCGTAGAACATCCATTCATCATTATT"
"75",">AY631312.1 Sterna paradisaea cytochrome b (cytb) gene, partial cds; mitochondrial","TGAAACTTCGGATCTCTACTAGGCATTTGCCTATTAACACAAATCCTAACAGGACTTCTACTAGCCATACACTACACTGCAGATACAACCCTAGCTTTTTCATCTGTAGCCCATACATGCCGAAACGTACAATACGGCTGATTAATCCGCAACCTCCATGCAAATGGAGCATCATTCTTCTTCATTTGCATCTACTTACATATCGGACGAGGGTTCTACTATGGTTCATACCTGTACAAAGAAACATGAAACACAGGAGTCATTCTCCTATTGACCCTAATAGCTACCGCCTTCGTAGGATATGTCCTACCATGAGGGCAAATATCTTTCTGAGGTGCTACAGTCATCACCAACCTATTCTCAGCAATCCCCTACATCGGCCAAACGCTAGTAGAATGAGCCTGAGGTGGCTTCTCAGTAGATAATCCAACACTCACCCGATTCTTCGCCCTACACTTCCTCCTTCCATTCATAATTGCAGGTCTCACCCTTATCCACCTTACCTTTCTCCATGAATCTGGATCGAACAATCCACTGGGTATCCTATCAAACTGCGACAAAATCCCATTTCACCCCTACTTCTCACTAAAAGATATCCTAGGGTTCACTATCATATTCCTCCCACTAACAACCCTAGCTCTATTCTCACCAAACCTGCTAGGAGACCCAGAAAACTTTACCCCAGCAAACCCATTAGTTACACCTCCCCATATTAAACCCGAATGATATTTCCTATTCGCATACGCTATCCTACGCTCCATTCCTAACAAACTAGGAGGTGTACTAGCTTTAGCCGCCTCCGTATTAGTACTATTCCTAACCCCTNTACTCCATAAATNTAAGCAACGCTCAATAACCTTTCGCCCCTTNTCCCAACTCCTATTTTGAATCCTAGTTGCCAACCTCTTTATCCTAACATGAGTAGGTAGTCAACCCGTAGAACATCCATTCATCATCATTGGACAACTAGCCTCCTTAACCTACTTTACCATCCTATTACTCTTATTCCCCGCTATTGGCACTNTAGAAAATAAAATACTTAACTACTAA"
"76",">DQ864981.1 Francolinus francolinus cytochrome b (cytb) gene, partial cds; mitochondrial","TACGAACCTATTCTCAGCAATTCCCTACATCGGACAAACCTTAGTAGAATGAGCCTGAGGGGGATTCTCAGTAGATAACCCAACCCTCACCCGATTCTTCGCCCTACACTTCCTTCTCCCCTTCGTAATCGCAGGAATCACTATCATCCACCTCACATTTCTGCACGAATCAGGCTCAAACAACCCCCTAGGCATCTCATCTAACTCTGACAAAATCCCATTCCACCCATACTACACCCTCAAAGACATCCTAGGCCTAACCCTTATATTTATCCCACTCCTTACACTAGCCCTATTCTCCCCCAACCTCCTAGGCGACCCCGAAAACTTCACCCCAGCAAACCCACTAGTAACTCCCCCCCACATCAAACCAGAATGATACTTCCTATTTGCCTACGCCATCCTACGATCAATCCCTAACAAACTAGGAGG"
"77",">KC614103.1 Porphyrio martinica cytochrome b (cytb) gene, partial cds; mitochondrial","TACACGCCAATGGAGCTTCACTCTTCTTCATCTGCATCTACCTGCACATCGGCCGAGGACTTTATTACGGATCATACCTTTACAAAGAAACTTGAAACACAGGAATCATCCTCCTACTAACCCTAATAGCCACTGCCTTCGTAGGTTACGTCCTACCATGAGGCCAAATATCCTTCTGAGGCGCTACAGTTATCACAAACCTATTCTCAGCCATCCCATACATCGGACAAACACTGGTAGAATGAGCATGAGGCGGCTTCTCTGTAGACAACCCAACACTAACCCGATTCTTCGCCCTTCACTTTATCCTCCCCTTTATAATTGCAGGAATAACCATAATTCACCTCACCTTCCTCCATGAAACAGGGTCAAACAATCCACTAGGAATCGCATCAAACTGCGACAAAATTCCATTCCACCCATACTTCTCTATAAAAGATATATTAGGTTTCATCCTAATACTAATCCCTCTCACAACATTAGCACTATTCTCACCAAACCTCCTAGGAGACCCAGAAAACTTCACCCCAGCAAATCCCCTAGTTACACCACCTCACATCAAACCAGAATGGTACTTTTTATTTGCATACGCTATTCTACGCTCAATCCCAAACAAACTAGGAGGAGTACTAGCCCTAGCAGCTTCAGTACTAATTCTATTCCTAATGCCCCTCCTTCACAAGTCTAAACAACGGGCAATAACCTTCCGACCACTCTCCCAACTTCTATTCTGAGCCCTAGTAGCTAACCTATTTATTTTAACATGAATCGGAAGCCAGCCAGTAGAACACCCATTCATCCTAATCGGCCAAATAGCATCACTCACYTACTTCACCACCCTCCTAATCCTATTCCCCACTATTGG"
"78",">DQ150996.1 Myiopsitta monachus cytochrome b (cytb) gene, partial cds; mitochondrial","CATTACACAGCAGATACCTCCCTAGCCTTCTCATCCGTAGCCAACATATGCCGAAACGTACAATACGGATGACTAATCCGCAACATCCACGCAAACGGAGCTTCATTCTTCTTTATCTGCATCTACCTCCACATTGCCCGAGGCTTCTACTATGGTTCATACTTGTACAAAGAAACCTGAAACACAGGGGTCGTCCTCCTACTAACCCTCATAGCAACAGCTTTCGTCGGCTACGTACTACCATGAGGCCAAATATCATTCTGAGGAGCTACAGTTATTACAAACCTATTCTCTGCTATCCCCTACATCGGGCAGACCTTAGTAGAATGAGCCTGAGGTGGATTCTCCGTAGACAACCCTACACTAACCCGATTCTTTGCCCTACATTTCCTCCTCCCATTCATACTAACCGGCCTAGTCCTTATTCACCTAACCTTCCTGCACGAAACAGGATCCAACAATCCACTAGGCATCTCATCAAATTGCGATAAAATTCCATTCCACCCATACTTCTCCCTGAAGGACCTCTTAGGATTCACAATCATATTCCTCCTACTCACCACCCTAGCATTATTCTCCCCAAACCTCCTCGGAGACCCAGAAAACTTCACACCCGCAAACCCCCTAGTAACTCCCCCACACATCAAACCAGAATGATATTTCCTATTCGCATATGCAATTCTACGTTCAATTCCAAACAAATTAGGAGGAGTCCTGGCCCTAGCCGCCTCCGTACTGGTACTATTCCTAAGTCCCCTCCTCCATAAATCAAAACAACGAACCATAGCCTTCCGCCCTATCTCCCAAATCTTATTCTGAGCTTTAGCCACTAACCTATTCATCTTAACCTGGGTAGGAAGCCAACCAGTAGAACACCCATTCATTATC"
"79",">KJ456440.1 Pycnonotus cafer cytochrome b (cytb) gene, partial cds; mitochondrial","TGATGAAACTTCGGATCCCTCCTAGGCATCTGCCTCATCACACAAATCGTCACAGGACTGTTCCTAGCCATGCACTATACAGCAGACACAGCCCTAGCATTCAACTCCGTAGCTCACATTTGCCGGAACGTCCAATTTGGCTGACTAATTCGCAACCTACATGCAAACGGAGCCTCCTTATTCTTCATATGCATCTACCTACACATTGGCCGAGGGATCTACTACGGCTCATACCTAAACAAAGAAACCTGAAACGTAGGAGTTGTCCTTCTACTAACCCTGATAGCAACCGCTTTCGTCGGCTACGTACTCCCCTGAGGACAAATGTCATTCTGAGGAGCCACCGTAATCACAAACCTATTCTCAGCCATCCCATACATTGGCCAAACATTAGTAGAATGAGCGTGAGGTGGATTCTCTGTAGACAACCCAACACTAACCCGATTCTTCGCCCTTCACTTCCTTCTACCATTCCTTATTGCAGGACTTACACTAGTCCACCTCACCCTACTACATGAAACAGGATCTAACAATCCCCTAGGTATCCCCTCAGACTGCGATAAAATCCCGTTCCACCCCTACTACTCCACAAAAGACATTCTAGGATTCGCACTAGTATTCGTCCCCCTAGCCGCCCTAGCCCTATTTTCCCCTAACTTGCTAGGAGACCCAGAAAATTTCACACCGGCCAACCCCCTAGCCACACCCCCACACATCAAACCCGAATGATACTTCCTATTCGCCTACGCTATCCTCCGATCCATCCCAAACAAACTCGGAGGAGTACTAGCACTTGCCGCTTCCGTCCTAGTCCTATTCCTAATCCCCCTATTACACGTATCCAAACTACGCTCAATAACATTCCGTCCCCTATCACAAATCCTGTTCTGAACACTAGTCGCCAACCTTCTCATTCTCACCTGAGTAGGGAGCCAACCAGTCGAACACCCATTCATTATCATCGGGCAAATCGCCTCATTCTCCTACTTCACAATCATTTTAGTTCTATTCCCCATCGCATCCATCGTAGAGAACAAAATACTCAAACTCTAA"
"80",">KC969156.1 Calidris canutus cytochrome b (cytb) gene, partial cds; mitochondrial","TTCGGATCACTCCTAGGCATCTGCCTCATAACACAAATCCTAACCGGCCTTCTACTCGCCATACACTACACTGCCGACACAACCCTAGCCTTCTCATCCGTCGCCCACACATGCCGAAACGTACAATACGGCTGACTAATCCGCAACCTACATGCAAACGGAGCCTCATTCTTCTTTATCTGCATCTATCTTCACATTGGACGAGGCTTTTACTACGGCTCATACCTGAACAAAGAGACATGAAACACAGGAGTCATCCTACTCCTGACCCTAATAGCAACCGCCTTCGTAGGATATGTACTCCCATGAGGACAAATATCCTTCTGAGGGGCTACAGTCATCACCAACCTATTCTCAGCAATCCCATATATCGGCCAAACCCTAGTAGAATGAGCATGAGGTGGATTCTCAGTAGACAACCCAACACTAACCCGATTCTTCGCCCTCCACTTCCTACTTCCATTCATAATCGCAGGCCTTACCCTAATCCACCTCACCTTCTTACACGAAACCGGCTCAAACAACCCACTAGGCATCGTTTCAGATTGTGACAAAATTCCATTCCACCCCTACTTCTCACTCAAAGACATTCTAGGATTCATCATCATATTCCTGTTCCTACTAACCCTTGCCCTATTCTCACCCAACCTACTAGGAGACCCAGAAAACTTCACCCCAGCAAACCCCCTAGTTACACCTCCACACATTAAACCCGAATGGTACTTTCTATTCGCATATGCCATCCTACGTTCAATCCCAAACAAATTAGGAGGAGTACTAGCTCTAGCAGCCTCCGTACTAGTCCTATTCCTAGTCCCACTTCTCCACAAATCCAAACAACGCTCAATAACCTTCCGCCCTCTATCCCAACTCCTATTTTGAACCCTAGTCGCTAACCTCCTCATCCTAACCTGAGTAGGTAGCCAGCCCGTAGAACACCCATTCATCATTATTGGACAACTAGCATCCCTCACCTACTTTACAATCCTCCTAATCCTATTCCCC"
"81",">MH645654.1 Milvus migrans cytochrome b (cytb) gene, partial cds; mitochondrial","AGTATGGCTGGCTAATCCGCAACCTACATGCCAACGGAGCATCCTTCTTCTTCATCTGCATCTACCTACACATCGGCCGAGGACTATACTACGGCTCATACTTATACAAAGAAACCTGAAATACAGGAATCATCCTCTTACTCACCCTCATAGCAACTGCCTTCGTAGGCTATGTACTCCCATGAGGCCAAATATCCTTCTGAGGGGCCACAGTCATCACAAACCTATTCTCGGCCATCCCATACATCGGACAAACCATCGTAGAGTGGGCCTGAGGGGGATTCTCCGTAGACAACCCTACCCTTACCCGATTCTTCGCCCTACACTTCCTACTCCCATTCCTAATCGCAGGCCTCACCTTAATCCATCTCACCTTCCTCCATGAATCCGGTTCAAACAACCCCCTAGGCATCGTCTCAAACTGTGACAAAATTCCATTCCACCCATACTTCTCCTTAAAAGATATCCTAGGATTCATACTAATACTACTACCATTGACAACCCTAGCCCTATTTTCGCCCAACATGCTAGGAGACCCAGAAAACTTCACCCCAGCAAACCCCCTAACCACACCCCCACATATCAAACCAGAATGATACTTCCTATTCGCATACGCTATCCTACGCTCAATCCCAAACAAACTAGGGGGAGTACTAGCACTAGCCGCCTCCGTACTAATCCTGTTCCTGGTCCCCTTCCTCCACAAGTCCAAACAGCG"
"82",">DQ868945.1 Francolinus pondicerianus cytochrome b (cytb) gene, partial cds; mitochondrial","TATTCTCAGCAATCCCCTACATCGGACAAACCCTAGTAGAATGAGCCTGGGGGGGATTCTCAGTCGACAACCCAACACTCACCCGATTCTTCGCCCTACACTTTCTCCTCCCCTTCATAATCGCAGGAATCACTATCATTCACCTCACACTCCTTCACGAATCAGGTTCAAACAACCCCCTAGGCATCTCATCCAACTCTGACAAAATTCCATTCCACCCATACTACTCCCTCAAAGACATCCTAGGCCTAATTCTTATACTCATTCCACTCCTCACACTGACCCTATTTTCCCCCAACCTTCTAGGCGACCCAGAAAACTTTACCCCAGCAAACCCACTAGTGACCCCCCCACACATCAAACCAGAATGATACTTTCTATTTGCCTATGCCATCCTCCGATCAATCCCTAACAAACTAGGAGG"
"83",">AY942890.1 Picoides villosus cytochrome b (cytb) gene, partial cds; mitochondrial","TGCCTAGTAACACAGATTGTCACAGGCCTCCTACTTGCTACCCACTACACCGCCGACACAACCCTAGCCTTCTCATCCGTCGCCCACACATGCCGCAACGTTCAATATGGCTGACTAATCCGCAACCTCCATGCCAACGGGGCCTCATTCTTCTTCATCTGCATTTACTTACACATCGGACGAGGATTCTACTACGGATCCTACCTATTCAAGGAGACCTGAAATACAGGAGTTATTCTCCTTCTTACCCTTATAGCCACCGCCTTCGTCGGCTACGTCCTCCCCTGAGGACAAATATCGTTCTGAGGGGCANNCGTTATTACAAACTTATTTTCAGCCCTCCCTTACGTAGGACAAACTATCGTAGAATGAGCCTGAGGGGGATTCTCCGTAGACAACCCCACCCTCACCCGATTCTTTGNCCTACACTTCCTCCTCCCATTCCTAATCGCAGGACTCACCCTAATCCATTTCACTTTCCTCCACGAATCTGGCTCAAATAACCCCCTCGGAATTGTATCCGACTGTGACAAAATTCCCTTCCACCCCTACTTCTCCGTAAAAGACATCCTAGGATTCATATTCATGCTCCTCCCCCTCACAGGCCTAGCACTATTTTCACCCAACCTCTTAGGCGACCCAGAAAACTTCACACCCGCAAACCCCCTAGTTACACCCCCCCATATTAAACCCGAATGGTACTTCCTATTTGCATACGCCATTCTACGCTCCATCCCTAACAAACTAGGAGGAGTCCTAGCCCTAGCCGCCTCAGTCCTAATCCTATTCCTAGCCCCCCTCCTCCACACATCTAAACAGCGCACAATAGCCTTCCGACCCCTCTCCCAAATCCTGTTCTGAGTACTAGTCGCCAACCTCCTCGTCCTTACCTGAATCGGCAGCCAACCAGTAGAACATCCCTTCATCATTATCGGCCAATTAGCCTCCATCGCCTATTTTTTCACAATCCTAATCCTTCTCCCTCTTATCAGCTCCCTAGAGGACNAATTACTAAACTTCTA"
"84",">AY631289.1 Chlidonias niger cytochrome b (cytb) gene, partial cds; mitochondrial","TGGAACTTCGGATCTCTACTAGGCATTTGTCTACTAACACAAATCCTAACAGGACTCCTACTAGCCATACACTACACTGCAGACACAACCCTAGCTTTTTCATCCGTAGCCCATACATGCCGAAACGTACAATATGGCTGATTAATCCGCAATCTCCATGCAAACGGAGCATCATTCTTCTTCATTTGTATCTACTTACATATTGGACGAGGATTCTATTACGGTTCATACCTGTACAAAGAGACATGAAACACAGGAGTAATTCTCCTATTAACCCTCATAGCCACCGCCTTTGTAGGGTATGTCCTACCATGAGGGCAAATATCCTTCTGAGGGGCTACAGTCATCACCAACCTATTCTCAGCAATCCCTTACATCGGTCAAACCCTAGTAGAATGAGCCTGAGGTGGCTTCTCAGTAGACAATCCGACACTAACCCGATTCTTCGCCTTACACTTCCTTCTCCCATTCATAATTGCAGGCCTCACCCTTATCCACCTTACCTTTCTCCACGAATCTGGATCGAACAATCCGCTAGGTATTCTATCAAACTGTGACAAAATCCCATTTCACCCCTACTTCTCACTAAAGGACATCCTAGGATTCACTATCATATTCCTCCCACTAACAACCCTAGCCTTATTCTCACCAAATCTATTAGGAGACCCAGAAAACTTTACCCCAGCAAACCCACTAGTTACACCACCTCACATTAAACCCGAATGGTACTTCCTATTCGCGTACGCTATCCTACGCTCTATCCCCAACAAACTAGGAGGTGTACTAGCTCTAGCAGCCTCCGTACTAGTACTATTCCTAAGCCCCCTACTCCACAAATCCAAGCAACGTTCAATAACCTTTCGTCCTCTCTCACAACTCCTATTCTGGATCCTAGTTGCCAATCTCTTCATCCTAACATGAGTAGGTAGCCAGCCCGTAGAACACCCATTCATCATCATCGGACAGCTAGCTTCCTTAACCTACTTTACCATCCTATTACTCCTATTCCCAGCTGTCGGCACCCTAGAAAACAAAATACTTAATTACTAG"
"85",">AY987331.1 Parabuteo unicinctus cytochrome b (cytb) gene, partial cds; mitochondrial","CCCTCCTAGGAATCTGCCTACTAACACAAATCCTGACTGGCCTCCTACTAGCAACACACTACACCGCAGACACTACCCTAGCTTTCTCATCCGTAGCTCACACATGCCGAAACGTACAATACGGCTGACTAATCCGTAACTTACATGCTAACGGAGCCTCCTTCTTTTTCATTTGCATCTATCTACACATCGGCCGAGGACTATACTACGGCTCCTACCTATACAAAGAAACTTGAAACACAGGTATTATCTTACTCCTCACCCTCATAGCAACTGCTTTCGTAGGCTATGTCCTCCCATGAGGCCAAATATCCTTCTGAGGGGCTACAGTCATTACCAACCTATTCTCAGCCATCCCCTACATCGGACAAACCATTGTAGAATGAGCCTGAGGAGGATTTTCCGTGGACAACCCCACCCTCACCCGATTCTTCGCCCTACACTTCCTGCTCCCATTCCTAATCGCAGGCCTCACCCTAATCCACCTTACCTTCCTCCACGAATCTGGCTCAAACAACCCACTGGGTATCATCTCAAACTGTGACAAAATCCCATTTCACCCCTACTTTTCCCTAAAAGATGTCCTAGGATTCGTACTAATACTACTCCCACTAGCAACCCTAGCCTTATTCTCACCCAACCTGCTAGGGGACCCAGAAAACTTCACCCCCGCAAACCCCCTAGCCACACCTCCGCACATTAAACCAGAATGATACTTCCTATTTGCATACGCCATTCTACGCTCAATCCCCAATAAACTAGGAGGAGTATTAGCCCTAGCTGCCTCCGTACTAATCCTATTCCTAATCCCCTTTCTCCACAAATCCAAACAGCGCACAATAACCTTCCGGCCCCTCTCCCAACTCCTATTCTGAACCCTAGTCGCTAACCTCCTCATTCTCACATGAATCGGCAGCCAACCAGTAGAGCACCCTTTCATCATCATTGGCCAACTAGCCTCCCTCACCTACTTCCTCATCCTTCTAGCCCTGTTCCCCCTAACCGGAGCCCTAGAAAACAAACTTCTCAACCACTAA"
"86",">EU391159.1 Zosterops japonicus cytochrome b (cytb) gene, partial cds; mitochondrial","CACACACTACACAGCAGACACAAACTTAGCCTTCGCCTCCGTAGCCCACATATGCCGGGACGTACAATTCGGCTGACTCATCCGCAACCTCCACGCAAACGGAGCCTCCTTCTTCTTCATCTGCATCTACCTACACATCGGCCGAGGACTCTACTATGGCTCATACCTAAACAAAGAGACCTGAAACGTCGGAGTCATCCTCCTTCTGACCCTAATAGCAACCGCTTTCGTAGGATACGTCCTGCCATGAGGCCAAATATCATTCTGAGGAGCTACCGTTATCACTAACCTATTTTCTGCAATCCCCTACATTGGACAAACACTAGTAGAATGAGCCTGAGGGGGATTCTCAGTAGATAATCCCACATTAACCCGATTCTTTGCTCTACACTTCCTACTTCCTTTCGTAATCGCAGGCCTCACATTAGTCCACCTAACCCTACTGCACGAAACAGGATCAAACAACCCCCTTGGCATCCCATCAGACTGTGACAAAATCCCATTCCACCCATACTACTCTATTAAAGACATTCTAGGCTTCGCACTTATATTCACCGCATTAGCCTCTGTAGCCCTATTCGCTCCTAACCTACTAGGGGACCCGGAAAATTTCACGCCCGCCAACCCCCTAGCAACACCACCACACATTAAGCCTGAATGATACTTCCTATTTGCTTACGCCATCCTACGATCTATCCCAAACAAACTGGGAGGCGTACTAGCTCTAGCCGCCTCAGTGCTGGTCCTATTCCTAGTCCCACTATTACACACGTCCAAGCTACGTTCAATGACCTTTCGACCTCTCTCACAAATCTTATTCTGAACCCTAGTAGCCAACCTCCTTGTCCTCACTTGAGTAGGCAGCCAACCAGTTGAACACCCATTCATCATCATCGGTCAACTAGCCTCATTCACCTATTTCACCATCATTCTAGTCCTCTTCCCACTCGTATCCATCCTAGAAAATAAACTACTCAAACTATAA"
"87",">AY942886.1 Melanerpes carolinus cytochrome b (cytb) gene, partial cds; mitochondrial","TGCCTAGTTACACAAATCATTACAGGCCTACTACTCGCCACCCACTACACTGCTGACACAACCCTAGCCTTCTCATCCGTTGCCCACACATGCCGCAACGTCCAACATGGCTGACTTATCCGCAACCTTCACGCTAACGGAGCCTCATTCTTCTTCATCTGCATCTATCTGCACATCGGACGGGGACTCTACTATGGGTCATACCTATTTAAAGAAACGTGAAACACCGGAGTCATCCTTCTTCTCACCCTCATAGCCACTGCCTTCGTCGGCTACGTTCTCCCCTGAGGACAGATATCATTCTGAGGGGCTACTGTTATCACAAACCTATTTTCAGCTTTCCCTTACATCGGCCAAACCATTGTCGAATGGGCCTGAGGAGGATTCTCTGTAGACAACCCAACACTCACCCGATTCTTCGCCCTGCACTTTCTCCTTCCATTCATAATCGCAGGACTTACTCTAATCCATTTTACCTTCCTCCACGAATCAGGCTCCAACAACCCCCTAGGAATCGTATCTGATTGTGACAAAATCCCCTTCCACCCTTACTTCACCGTAAAGGACATTCTTGGATTCATACTTATATTCCTCCCCCTCACAACCCTAGCACTATTCTCCNCCAACCTTTTAGGTGACCCAGAAAACTTCACACCAGCAAACCCCCTAGTAACGCCCCCCCACATCAAACCCGAATGATACTTCTTATTTGCTTATGCTATTCTCCGCTCTATCCCAAATAAACTTGGAGGAGTCCTGGCCTTAGCCGCCTCCGTCCTAATCCTATTCCTAATTCCCCTCCTCCACACATCCAAACAACGTACAATAGCCTTCCGACCCCTATCCCAACTCCTATTCTGANCCCTANCCGCCAACCTTCTCATCCTTACCTGAGTCGGCAGCCAACCAGTAGGACACCCCTTTATCATTATTGGCCAACTANCCTCCATCGCCTACTTCTTCACCATCCTGATTCTCTTTCCCCTAATCAGCACCCTAGAGNACNAACTATTAAATTTCTA"
"88",">AY631288.1 Chlidonias leucopterus cytochrome b (cytb) gene, partial cds; mitochondrial","CCGAAATGTACAATATGGTTGATTAATCCGCAATCTCCATGCAAACGGAGCATCATTCTTCTTCATTTGTATCTACCTACATATTGGACGAGGATTCTATTACGGCTCATACCTGTACAAAGAGACNNGAAACACAGGAGTAATTCTCCTATTAACCCTAATAGCTACCGCCTTCGTAGGATATGTCCTACCATGAGGACAAATATCCTTCTGAGGGGCTACAGTCATCACCAACCTATTCTCAGCAATCCCTTACATCGGTCAAACCCTAGTAGAATGAGCCTGAGGTGGCTTCTCAGTAGACAATCCAACACTAACCCGATTCTTCGCCCTACACTTCCTTCTCCCATTCATAATTGCAGGCCTCACCCTTATCCACCTTACCTTTCTTCACGAATCCGGATCGAACAATCCCGTAGGTATCCTATCAAACTGTGACAAAATCCCATTCCACCCCTACTTCTCACTAAAGGACATCCTAGGATTCACTATCATATTCCTCCCACTAACAACCCTAGCCTTATTCTCACCAAATCTATTAGGAGATCCAGAAAACTTTACCCCAGCAAACCCACTAGTTACACCACCCCACATTAAACCCGAATGGTACTTCCTATTCGCGTACGCTATTCTACGCTCTATCCCCAACAAACTAGGAGGTGTACTAGCTCTAGCAGCCTCCGTACTAGTACTATTCCTAAGCCCCCTACTCCATAAATCCAAGCAACGTTCAATAACCTTTCGCCCTCTCTCACAACTCCTATTCTGAATCCTAGTCGCCAATCTCTTCATCCTAACATGAGTAGGCAGCCAGCCCGTAGAACACCCATTCATCATCATCGGACAGCTAGCTTCCCTAACCTACTTTACCATCCTACTACTCATATTCCCAGTTNNNGGCACCCTAGAAAAA"
"89",">FJ792645.1 Ursus americanus cytochrome b (cytb) gene, partial cds; mitochondrial","CACACGCCTTAGCTAAAATCATCAACAACTCACTCATTGATCTCCCAGCACCATCAAATATCTCAGCATGATGAAACTTCGGGTCCCTCCTCGGAGTATGTTTAGTACTACAGATTCTAACGGGCCTATTCCTAGCTATACACTATACATCAGACACAACTACAGCCTTTTCATCAATCACCCATATTTGCCGAGATGTTCACTACGGATGAATTATCCGATACATACATGCTAACGGAGCTTCCATATTCTTTATCTGCCTGTTCATGCACGTAGGACGGGGTCTGTACTATGGCTCATACCTACTCTCAGAAACATGAAACATTGGCATTATCCTCCTATTTACAGTCATAGCCACCGCATTTATAGGATATGTCCTACCCTGAGGACAAATATCATTCTGAGA"
"90",">KC969151.1 Arenaria melanocephala cytochrome b (cytb) gene, partial cds; mitochondrial","ACTGCCTCATAACACAGATCTTAACCGGCCTCCTACTCGCCATGCACTATACTGCGGACACAACCTTAGCCTTCTCATCCGTCGCCCACACATGCCGAAATGTACAATACGGTTGACTAATCCGCAACTTACATGCAAACGGAGCTTCATTCTTCTTCATCTGCATCTACCTCCACATTGGACGAGGTTTTTACTACGGATCGTACCTGTACAAAGAAACATGAAATACAGGTGTCATCCTACTCCTAACCCTAATAGCAACTGCCTTCGTAGGATATGTCCTGCCATGAGGACAAATATCATTCTGAGGAGCTACAGTCATCACTAACCTATTCTCAGCAATCCCATATATCGGCCAAACCCTAGTAGAATGGGCATGAGGTGGATTCTCAGTAGACAATCCAACACTAACCCGATTCTTCGCCCTTCACTTCCTACTTCCGTTCATAATNNNNNNNNNNNNNNNNNNNNNNNNNNNNNNNNNNNNNNNNNNNNNNNNNNNNNNNNNNNNNNNNNNNNNNNNNNNNNNNNNNNNNNNNNNNNNNNNNNNNNNNNNNNNNNNNNNNNNNNNNNNNNNNNNNNNNNNNNNNNNNNNNNNNNNNNNNNNNNNNNNNNNNNNNNNNNNNNNNNNNNNNNNNNNNNNNNNNNNNNNNNNNNNNNNNNNNNNNNNNNNNNNNNNNNNNNNNNNNNNNNNNNNNNNNNNNNNNNNNNNNNNNNNNNNNNNNNNNNNNNNNNNNNNNNNNNNNNNNNNNNNNNNNNNNNNNNNNNNNNNNNNNNNNNNNNNNNNNNNNNNACCTCCACTTCTCCACAAATMCAAACAACGCACAATAGCTTTCCGCCCCCTATCCCAAATCMTATTCTGAACCCTAGTTGCCAACCTCCTTATCCTAACATGAGTAGGTAGCCAACCTGTAGAACACCCATTCATTATCATCGGACAATTAGCCTCCCTCACCTACTTCACTATCCTCCTCATCCTATTCCCC"
"91",">AY724763.1 Sayornis phoebe cytochrome b (cytb) gene, partial cds; mitochondrial","CTTTGGCTCTCTACTAGGAATCTGCCTAGTAACACAAATCATCACCGGCCTCCTCCTAGCTATACACTATACTGCAGACACCTCTCTAGCCTTCACATCAGTTGCTCACACATGCCGAAACGTCCAATTTGGCTGACTTATCCGAAACCTTCACGCAAATGGAGCATCATTCTTCTTTATCTGCATCTATCTACACATCGGACGAGGGTTCTACTACGGATCTTACCTCTGTAAAGAAGCCTGAAACACAGGCGTTATCCTCCTCCTGACCCTAATAGCAACTGCTTTTGTTGGCTATGTTCTCCCA"
"92",">KC614074.1 Fulica atra cytochrome b (cytb) gene, partial cds; mitochondrial","TACACGCCAACGGAGCCTCATTTTTCTTCATCTGCATCTACCTACACATCGGCCGAGGCTTTTACTATGGATCCTACCTCTACAAAGAAACCTGAAACACAGGAGTCATTCTACTACTCACTCTCATAGCCACTGCTTTCGTAGGATATGTCCTCCCATGAGGACAAATATCTTTTTGAGGTGCTACAGTCATCACAAACCTATTTTCAGCCATCCCCTACATCGGCCAAACACTCGTAGAATGAGCATGAGGGGGGTTTTCCGTTGACAACCCAACACTAACCCGATTCTTTGCTCTCCACTTCCTCCTCCCATTTATTATTGCAGGCATAACCACAATCCATCTCACCTTCCTCCATGAAACTGGCTCAAACAACCCCCTAGGAATCTCATCAAACTGCGACAAAATCCCATTCCACCCTTATTACTCCCTAAAAGACATCCTTGGATTCACCTCAATACTCATCCCACTCACAGCCCTAGCATTATTTTCACCAAACCTGCTAGGCGACCCAGAAAACTTTACCCCAGCAAACCCACTAATCACACCCCCTCATATCAAGCCAGAGTGATATTTCCTATTTGCATACGCCATCCTCCGTTCAATCCCAAACAAACTAGGAGGAGTATTGGCCCTAGCCGCCTCAGTACTAGTCCTATTCCTGTCCCCTCTCCTACACAAATCCAAGCAACGCGCAATAACATTCCGACCCCTCTCCCAAATATTATTCTGAACCCTAGTAGCCAACCTACTCATCCTAACATGAATTGGCAGCCAGCCAGTAGAACACCCATTCATCCTAATTGGCCAAACAGCATCATTCACCTACTTCACCATTCTCCTACTCCTCTTCCCAACCATCGGAGCACTAGAAAACAAAATACTAAACCACTAA"
"93",">EU826436.1 Numida meleagris cytochrome b (cytb) gene, partial cds; mitochondrial","GGAGTAATTCTCCTCCTCACACTAATAGCAACCGCTTTCGTAGGCTACGTTCTTCCATGAGGCCAAATATCATTCTGAGGGGCTACTGTCATTACTAATCTATTCTCAGCTATCCCCTACATTGGACAAACTCTAGTAGAGTGGGCGTGGGGAGGGTTTTCAGTCGACAACCCCACCCTCACTCGATTTTTCGCCCTACACTTCCTTCTCCCCTTCGTCATCGCAGGAATCACAATTATCCACCTCACATTCCTTCACGAATCGGGCTCAAACAACCCCCTAGGCATTTCATCCAACTCAGACAAAATCCCATTCCACCCCTACTACTCCATCAAAGACATCCTAGGCCTAACACTTATACTCACCCCACTCCTAACCCTAGCCCTATTCTCCCCAAACCTACTAGGTGACCCCGAAAACTTTACCCCAGCCAACCCACTA"
"94",">FJ499022.1 Ardea intermedia cytochrome b (cytb) gene, partial cds; mitochondrial","TACAAAAGACATCCTGGGCTTCATTCTCATACTACTACTACTCTCAACCCTAGCCCTATTCTCCCCCAACCTCTTAGGAGACCCAGAAAACTTCACCCCAGCAAACCCCCTAGTTACACCTCCCCACATCAAACCAGAATGATACTTCCTATTCGCCTACGCCATCCTCCGATCCATCCCTAACAAGCTAGGAGGAGTCCTAGCCCTAGCTGCATCAGTACTGATCCTATTTTTAATCCCCTTCCTCCACAAGTCAAAGCAACGCACCTTAACCTTCCGCCCCCTCTCACAACTCCTATTCTGGACCCTCGTTGCCAACCTCCTTATCCTCACATGAGTAGGCAGCCAACCCGTAGAGCACCCCTTCATTATCATCGGCCAACTAGCCTCCATCACCTACTTCACAATCCTCCTAATCCTATTCCCCATCACCGGAGCCCTAGAAAACAAAATACTAAACTACTAAACTACTCTAATAGTTTATTAAAAACATTGGTCTTGTAAACC"
"95",">AY940804.1 Melanerpes erythrocephalus cytochrome b (cytb) gene, partial cds; mitochondrial","TGTCTAATAACACAAATCATCACAGGCCTCCTACTTGCTGCCCATTACACTGCCGACACAACTCTAGCCTTCTCATCCGTTGCCCATATATGCCGTAACGTACAATATGGCTGACTTATCCGCAATCTTCATGCCAACGGAGCCTCATTCTTCTTCATCTGTATCTACTTGCACATTGGGCGGGGGCTCTACTATGGATCTTACTTATTTAAAGAGACTTGAAACACTGGAATCATCCTCCTTCTAACCCTTATAGCAACTGCCTTCGTCGGTTACGTCCTTCCCTGAGGACAAATATCGTTCTGAGGAGCAACCGTTATTACAAACCTATTTTCAGCCTTCCCTTACATTGGCCAAACCATTGTCGAATGAGCCTGAGGGGGGTTTTCTGTAGACAACCCCACACTCACACGATTCTTCGCCCTACACTTCCTCCTCCCATTTATAATCGCAGGGCTCACTCTAATTCACTTTACCTTCCTCCACGAATCAGGTTCAAATAACCCCCTCGGAATCGTATCTGATTGCGACAAAATCCCCTTCCACCCCTACTTCACCGTCAAAGACATCCTAGGCTTTATACTTATACTTCTCCCCCTTACGGTCTTAGCACTATTCTCCCCCAACCTCTTAGGCGACCCAGAAAACTTCACTCCAGCCAACCCCCTAGTTACACCCCCCCACATCAAACCAGAATGGTATTTCCTATTTGCATACGCCATTCTTCGTTCTATCCCCAACAAGCTAGGAGGAGTCCTAGCTCTGGCTGCCTCCGTCCTAATCCTATTTCTAACCCCCCTCCTCCATATATCGAAACAACGCACAATAGCCTTTCGACCTATATCACAGCTCCTGTTCTGAACCCTAGTCGCTAACCTCCTCATCCTNACCTGAGNAGGANGCCAACCA"
"96",">JQ963055.1 Phalaropus fulicaria cytochrome b (cytb) gene, partial cds; mitochondrial","GGATCCCTTCTAGGCATCTGCCTTATAACACAAATCCTAACCGGCCTCCTACTTGCCATGCACTACACCGCAGACACAACCCTAGCCTTTTCATCCGTTGCTCACACATGCCGAAACGTACAGTACGGCTGATTAATTCGCAACCTACATGCAAACGGAGCTTCATTCTTCTTCATCTGCATTTACTTCCACATTGGACGAGGATTTTACTACGGCTCATACTTGTACAAAGAAACATGAAACACAGGAGTCATTCTACTCTTGACCCTAATAGCAACTGCCTTCGTAGGATATGTCTTACCATGAGGGCAAATATCCTTCTGAGGAGCCACAGTCATCACCAACCTATTCTCAGCAATCCCATACATTGGCCAAACCCTAGTAGAATGAGCCTGAGGGGGATTCTCAGTAGACAACCCAACACTAACACGATTCTTCGCCTTACATTTTCTCCTTCCATTCATAATTGCAGGCCTCACCCTAATCCACCTCACCTTCCTACACGAAACTGGCTCAAACAACCCCCTAGGTATCGTATCAAACTGCGACAAAATTCCATTCCACCCATACTTCTCGTTAAAAGACGTTCTAGGATTCATTATCATATTCCTACCCCTATTAACCCTTGCCTTATTTTCACCTAACCTCCTAGGAGACCCAGAAAACTTTACGCCAGCTAACCCCCTAGTTACACCACCCCATATCAAACCAGAATGATACTTCCTATTTGCATACGCCATTCTGCGATCAATCCCCAACAAACTAGGAGGAGTACTAGCCCTAGCAGCATCCGTACTAGTCCTATTTTTAGCCCCATTCCTCCACAAATCAAAACAACGTACAATAATCTTCCGCCCCCTTTCCCAACTCCTATTCTGAACTCTAGTCGCCAACCTCTTTATTCTGACATGAGTGGGCAGCCAACCCGTAGAACATCCATTCATCATTATCGGCCAACTAGCTTCTCTCACCTATTTTACTATCATCCTAGTCCTATTCCCCCTTGTAGGCGCCCTAGAAAACAAAATACTTAACTAC"
"97",">AY631301.1 Sterna dougallii cytochrome b (cytb) gene, partial cds; mitochondrial","TGAAACTNCGGNTCTCTACTAGGCNTNTGCCTATTAACACAAATCCTAACAGGCCTTCTACTAGCCATACACTACACTGCAGATACAACCCTAGCCTTTTCATCTGTAGCCCACACATGCCGAAACGTACAATATGGCTGATTAATCCGCAATCTCCATGCAAACGGAGCATCATTTTTCTTCATTTGTATCTACTTACATATCGGACGAGGATTTTACTATGGTTCATACCTATACAAAGAAACATGAAACACAGGAGTCATTCTCCTATTGACTCTAATAGCTACCGCCTTCGTAGGGTATGTCCTACCATGAGGACAAATATCTTTCTGAGGTGCTACAGTCATCACCAACCTATTTTCAGCAATCCCCTACATCGGCCAAACCCTAGTAGAATGAGCCTGAGGTGGCTTCTCCGTAGACAATCCAACACTCACCCGATTCTTCGCCCTACACTTCCTCCTCCCATTCATAATCGCAGGTCTCACCCTTATCCACCTTACCTTTCTCCATGAATCTGGATCGAACAATCCACTGGGCATCCTATCAAACTGCGACAAAATCCCATTCCACCCCTACTTCTCACTGAAAGATATCCTAGGATTCACTATCATATTCCTCCCACTAACGACCCTAGCTCTATTCTCACCAAACCTCTTAGGAGACCCAGAAAACTTTACCCCAGCAAACCCACTAGTTACGCCTCCCCATATTAAACCCGAATGATACTTCCTATTCGCATACGCTATCCTACGCTCCATCCCTAACAAACTAGGAGGTGTACTAGCTTTAGCAGCCTCCGTACTAGTACTATTCCTAAGCCCCTTGCTCCATAAGTCCAAACAACGTTCAATAACCTTCCGCCCCTTCTCCCAACTCCTATTNTGAATCTTAGTTGCCAACCTCCTTATCCTGACATGAGTGGGCAGTCAACCCGTAGAACATCCATTCATCATCATCGGACAGCTGGCTTCCCTAACCTACTTTACCATCCTANTACTCCTATTCCCCGCTATTGGCACCCTAGTANATAAAANACTT"
"98",">KF924043.1 Columbina talpacoti cytochrome b (cytb) gene, partial cds; mitochondrial","AATGGCTGACTAATCCGCAACCTACACGCAAACGGAGCTTCATTCTTCTTCATCTGCATCTACCTTCACATTGGACGTGGACTATACTACGGCTCTTACCTGTACAAAGAGACCTGAAACACAGGTATCATCCTTCTTCTAACTCTAATAGCAACTGCCTTCGTAGGCTACGTCCTACCCTGAGGTCAAATATCCTTCTGAGGCGCCACAGTCATCACCAACCTATTCTCTGCAGTCCCCTACATTGGCCAAACCCTTGTTGAATGGGCCTGAGGAGGCTTTTCAGTAGACAACCCAACACTAACACGTTTCTTCACCCTTCACTTCCTTCTCCCCTTCTTAATTGCAGGTCTTACCATTATCCACCTCACATTCCTACACGAATCTGGTTCAAACAACCCCCTAGGGATCTCCTCAAACTGTGATAAAATCCCATTCCATCCCTACTTCTCCCTAAAAGACATCCTCGGCCTTGCATTTATACTTCTTCCCCTACTAACCTTAGCTATATTCTCCCCCAACCTCTTAGGAGACCCAGAAAACTTTACACCCGCAAACCCCCTAATCACACCCCCTCATATCAAGCCAGAATGATACTTCCTATTCGCATACGCCATCCTACGCTCCATTCCCAACAAACTAGGAGGTGTACTAGCCCTAGCTGCTTCAGTACTAATCCTGTTCCTCGTCCCCTTACTTCACAAATCCAAACAACGCACAATAATCTTCCGCCCCCTCTCCCAAATCCTATTCTGAATTATAGTAGCTAACCTCCTCATCCTAACCTGAGTGGGCAGCCAACCCGTAGAACACCCATTCATTATCATCGGCCAACTAGCCTCCCTCGCCTACTTCACTACCCTCTTAATCCTTTTCCCCACCATCGGAGCCCTAGAGAACAAACTACTCAACTACTAA"
"99",">DQ910977.1 Turdus philomelos cytochrome b (cytb) gene, partial cds; mitochondrial","GTCACTGGCCTACTATTAGCCACACACTACACAGCAGACACCTCACTAGCTTTCAACTCAGTTGCCCATATGTGCCGAAACGTCCAATTTGGCTGACTCATCCGCAACCTCCACGCAAACGGAGCCTCATTCTTCTTCATCTGCGTCTACCTCCACATCGGTCGAGGCTTCTACTACGGCTCATACCTTAATAAAGAAACCTGAAACATTGGAGTTATCTTGCTCTTAGCCCTAATAGCAACTGCCTTCGTAGGCTATGTACTCCCCTGAGGACAAATATCGTTCTGAGGGGCCACAGTCATCACCAACCTTCTCTCAGCAATCCCCTATATTGGCCAAACACTAGTAGAATGAGCCTGAGGGGGATTCTCAGTAGATAATCCCACATTAACACGATTCTTTGCCCTCCATTTCCTACTCCCATTTGTCATCGCAGGGCTTACACTGGTACATCTCACTTTCCTTCACGAAACCGGATCAAACAACCCACTAGGAATCCCTGCAGACTGCGATAAAATTCCCTTCCACCCCTACTACTCCACAAAAGATATCCTAGGGTTTGCACTAATGCTTATCCTGCTCGTCTCCCTGGCCCTATTCTCCCCCAACATGCTCGGGGACCCAGAAAACTTCACCCCAGCCAATCCTCTAACTACACCCCCACACATCAAACCCGAATGATACTTCCTATTTGCATACGCCATCCTTCGATCCATCCCAAATAAACTAGGAGGGGTGCTAGCCCTAGCAGCCTCTGTCCTAGTCTTATTCCTAACCCCCCTACTCCACAAATCAAAACTACGATCAATAACTTTCCGACCCTTATCGCAGATCTTATTCTGAGCCCTAGTAGCCAACCTCCTAATCCTCACCTGAGTAGGAAGCCAACCAGTCGAACACCCATTCATCATCATTGGCCAACTAGCCTCAATCTCCTACTTCACAATCATTCTAGTCCTATTCCCCCTCGCAGCTGTACTAGAAAACAAAATACTGAAAC"
"100",">KC969159.1 Calidris himantopus cytochrome b (cytb) gene, partial cds; mitochondrial","TTCGGATCACTCCTGGGCATTTGCCTCGCAACACAAATCCTAACTGGTCTCCTACTTGCCATACACTACACCGCAGACACAACCCTAGCCTTCTCATCCGTTGCTCACACATGCCGAAATGTACAATACGGCTGACTAATCCGCAACCTACATGCAAACGGAGCCTCATTCTTTTTTATCTGCATTTACCTCCACATTGGACGGGGCTTTTACTACGGCTCATACCTGTACAAAGAAACATGAAACACAGGAGTCATCCTACTCCTAACCCTAATAGCAACCGCTTTCGTAGGGTATGTACTCCCATGAGGACAAATATCCTTCTGAGGGGCTACAGTCATCACTAACCTATTCTCAGCAATCCCATACATCGGCCAAACCTTAGTAGAATGAGCATGAGGTGGATTTTCCGTAGACAACCCAACACTAACCCGATTCTTCGCCCTCCACTTCCTACTCCCATTCATAATCGCAGGTCTCACCCTAATTCACCTTACCTTCCTACACGAAACAGGCTCAAACAACCCACTCGGCATTGTATCAAACTGCGATAAAATCCCATTCCACCCTTATTTTTCACTCAAAGACATCCTAGGATTCATTATCATGTTTCTATTCCTACTAACCCTCGCCCTCTTCTCACCCAATCTTCTAGGAGACCCAGAAAACTTCACCCCAGCAAACCCTCTAGTTACACCTCCCCATATCAAACCAGAATGGTACTTCCTATTCGCATACGCCATCTTACGTTCAATTCCAAACAAACTAGGAGGGGTACTAGCTCTAGCAGCCTCCGTACTAGTCCTATTCCTAACTCCACTTCTCCACAAATCCAAACAACGTTCAATAACTTTTCGCCCTCTATCCCAACTCCTATTCTGAACCCTAGTTGCTAACCTCTTCATCCTAACTTGAGTAGGTAGCCAACCCGTAGAACACCCATTCATCATCATTGGACAACTAGCATCCCTCACCTACTTCACAATCCTCCTAATCTTATTCCCC"
"101",">FJ423756.1 Melanitta perspicillata cytochrome b (cytb) gene, partial cds; mitochondrial","GCACTTCAAATCCTAACAGGCCTCCTGCTGGCCATGCACTACACTGCAGACACCTCCCTTGCCTTTGCCTCAGTGGCCAGCACGTGCCGAAACGTCCAATACGGCTGACTTATCCGCAACCTACATGCCAACGGCGCCTCCTTCTTCTTCATCTGCATTTACCTGCACATCGGACGGGGCCTCTACTACGGCTCTTACCTCTACAAAGAAACCTGGAACACAGGAGTAATCCTCCTACTTATCCTCATGGCCACCGCCTTCGTGGGCTATGTCCTGCCATGGGGGCAGATGTCATTCTGAGGGGCCACCGTGATCACCAACCTATTCTCAGCCATTCCATACATCGGGCAGACCCTAGTAGAATGGGCCTGAGGGGGATTCTCGGTGGACAACCCAACCCTGACCCGATTCTTCGCCATCCACTTCCTGCTCCCCTTCCTAATCGCAGGGATCACCCTAGTCCACCTAACCTTCCTGCACGAGTCAGGCTCAAACAACCCCCTAGGCATTGTGTCAGACTGCGACAAAATCCCATTCCACCCCTATTTCTCCCTCAAAGACATCCTGGGATTTATCCTCATACTCACCCCCCTAATAGCACTAACCCTATTCTCCCCGAACCTCCTAGGAGACCCGGAGAACTTCACCCCAGCAAACCCACTAGTAACCCCACCTCACATCAAACCAGAGTGATACTTCCTATTTGCCTACGCCATCCTACGCTCAATCCCAAACAAACTAGGAGGTGTCCTAGCACTAGCCGCCTCCGTGCTAATCCTATTCCTAATCCCCTTCCTCCACAAATCAAAACAACGAGCGATAACATTCCGGCCACTCTCCCAACTCTTATTCTGAGCGCTGGTAGCCAACATCCTTGTCCTAACATGAGTAGGGAGCCAACCCGTTGAACACCCGTTCATCATCATCGGACAACTTGCATCAGCCACCTACTTCACTATCCTCCTATTCCTCTTCCCCGCTGTA"
"102",">AF089011.1 Agelaius tricolor cytochrome b (cytb) gene, partial cds; mitochondrial","TGCTTAATTACTCAAATCATCACAGGTCTCCTGCTAGCCATACACTACACAGCAGACACCAACCTAGCTTTCTCCTCCGTAGCCCACATATGCCGGGACGTACAATTCGGCTGACTCATCCGCAACCTCCACGCAAACGGAGCCTCCTTCTTCTTCATCTGCATCTACCTACACATCGGCCGAGGCCTTTACTACGGCTCTTACTTAAACAAAGAAACCTGAAACGTCGGAGTCATCCTCCTTCTAACCCTAATAGCAACTGCCTTCGTCGGATACGTCCTACCATGAGGACAAATATCCTTCTGAGGCGCTACCGTGATTACAAACCTATTCTCAGCCATCCCATANATCGGACAAACACTAGTAGAATGAGCCTGAGGTGGATTCTCCGTCGACAACCCTACACTGACTCGATTCTTTGCCCTCCACTTCCTTCTCCCCTTCGTCATCGTAGGACTCACCCTCGTCCACCTAACATTCCTCCACGAAACAGGCTCAAACAACCCACTAGGCATCCCATCGGACTGCGACAAAATTCCCTTCCACCCATACTACACCATCAAAGACATCCTAGGATTTATCCTAATACTCTCCCTGCTCGTCTCACTAGCCCTATTCTCTCCCAACCTACTAGGAGACCCAGAAAATTTCACCCCAGCCAACCCACTAGTCACTCCCCCCCACATCAAACCCGAATGATACTTCCTATTTNNCTACGCTATCCTCCGATCCATCCCAAATAAACTAGGAGGAGTCCTAGCTCTAGCCGCCTCAATCCTAGTCCTATTCCTCGTTCCCCTGCTACATACATCAAAACTACGATCAATAACCTTCCGCCCTCTATCGCAAATCCTATTTTGAGCCCTAGTCGCCAACGTCCTAGTCCTAAC"
